Workbook

Sheet Campaigns
A1: Date | B1: Campaign | C1: Tests | D1: Description | E1: Comment
A2: 42885 | B2: plant-gonfreville-2017 | C2: 21 | D2: Total dataset plant_gonfreville_2017,gdoc
A3: 42906 | B3: tests_campaign-lacq-2017 | C3: 34
A4: 43054 | B4: leak-anechoic_chamber-2017 | C4: 78
A5: 43202 | B5: leak-anechoic_chamber-2018 | C5: 17
A6: 43208 | B6: leak-outside-2018 | C6: 27
A7: 43256 | B7: tests_campaign-lacq-jun2018 | C7: 68
A8: 43389 | B8: tests_campaign-lacq-oct2018 | C8: 50
A9: 43619 | B9: tadi-2019 | C9: =28+27+68+49+32+52+26 -> 282 | E9: Date correspondant au déploiement du système,
A10: 43655 | B10: sobegi-july-2019 | C10: 0 | E10: Pas de test, uniquement du bruit de fond,
A11: 43831 | B11: tadi-2020 | C11: =169+56 -> 225 | E11: 141 tests spécifiques pour l'acoustique,
A12: 43831 | B12: ineris-2020 | C12: 111 | E12: Nous n'avons pas les 111 enregistrées, Valeur à mettre à jour
A13: 44197 | B13: tadi-2021 | C13: 193
B14: TOTAL | C14: =SUM(C2:C13) -> 1106
A16: Campaign | B16: Date | C16: Tests
A17: Nombre total d'essais réalisés | C17: =SUM(C18:C83) -> 1636
A18: {=UNIQUE(Tests!A4:A1001)} -> tadi_jun_2018 | B18: =IFERROR(__xludf.DUMMYFUNCTION("JOIN("" - "", TRANSPOSE(UNIQUE(FILTER(Tests!C$4:C1001, Tests!A$4:A1001=A18))))"),"05-06-2018") -> 05-06-2018 | C18: =IFERROR(__xludf.DUMMYFUNCTION("COUNTUNIQUE(FILTER(Tests!G$4:G1001, Tests!C$4:C1001=B18))"),1.0) -> 1
B19: =IFERROR(__xludf.DUMMYFUNCTION("JOIN("" - "", TRANSPOSE(UNIQUE(FILTER(Tests!C$4:C1001, Tests!A$4:A1001=A19))))"),"05-06-2018 - 06-06-2018 - 07-06-2018 - 08-06-2018 - 16-10-2018 - 17-10-2018 - 18-10-2018 - 19-10-2018 - 15-10-2019 - 16-10-2019 - 22-10-2019 - 06-03-2020 - 30-06-2020 - 22-09-2020 - 23-09-2020 - 29-09-2020 - 30-09-2020 - 01-10-2020 - 19-10-2020 - 04-11-20"&"20 - 05-11-2020 - 06-11-2020 - 10-11-2020 - 12-11-2020 - 19-11-2020 - 25-11-2020 - 30-11-2020 - 01-12-2020 - 02-12-2020 - 15-12-2020 - 16-12-2020 - 05-01-2021 - 19-01-2021 - 20-01-2021 - 21-01-2021 - 02-03-2021 - 03-03-2021 - 11-03-2021 - 01-04-2021 - 02-"&"04-2021 - 14-04-2021 - 16-04-2021 - 05-05-2021 - 07-05-2021 - 27-05-2021 - 01-06-2021 - 02-06-2021 - 11-06-2021 - 21-06-2021 - 22-06-2021 - 08-07-2021 - 09-07-2021 - - 22-07-2021 - 27-07-2021 - 07-09-2021 - 08-09-2021 - 09-09-2021 - 10-09-2021 - 20-09-20"&"21 - 21-09-2021 - 29-09-2021 - 15-10-2021 - 21-10-2021 - 05-11-2021 - 25-11-2021 - 26-11-2021 - 02-12-2021 - 06-12-2021 - 07-12-2021 - 14-12-2021 - 15-12-2021 - 19-01-2022 - 25-01-2022 - 01-02-2022 - 02-02-2022 - 24-02-2022 - 31-03-2022 - 05-04-2022 - 06-"&"04-2022 - 12-04-2022 - 04-05-2022 - 16-05-2022 - 08-06-2022 - 21-06-2022 - 22-06-2022 - 23-06-2022 - 24-06-2022 - 28-06-2022 - 01-07-2022 - 04-07-2022 - 05-07-2022 - 06-07-2022 - 07-07-2022 - 29-07-2022 - 29-09-2022 - 10-10-2022 - 11-10-2022 - 13-10-2022 "&"- 18-10-2022 - 19-10-2022 - 21-10-2022 - 02-11-2022 - 07-11-2022 - 08-11-2022 - 01-12-2022 - 07-12-2022 - 11-01-2023 - 13-01-2023 - 23-01-2023 - 25-01-2023 - 30-01-2023 - 02-02-2023 - 06-09-2023 - 23-04-2024 - 25-04-2024 - 15-05-2024 - 27-05-2024 - 10-06-"&"2024 - 14-06-2024 - 17-06-2024 - 18-06-2024 - 19-06-2024 - 20-06-2024 - 21-06-2024 - 24-06-2024 - 25-06-2024 - 26-06-2024 - 27-06-2024 - 28-06-2024 - 08-07-2024 - 09-07-2024 - 10-07-2024 - 11-07-2024 - 12-07-2024 - 16-07-2024 - 17-07-2024 - 22-07-2024 - 2"&"3-07-2024 - 03-09-2024 - 09-09-2024 - 10-09-2024 - 11-09-2024 - 12-09-2024 - 13-09-2024 - 16-09-2024 - 17-09-2024 - 18-09-2024 - 19-09-2024 - 20-09-2024 - 01-10-2024 - 02-10-2024 - 03-10-2024 - 08-10-2024 - 21-10-2024 - 23-10-2024 - 24-10-2024 - 25-10-202"&"4 - 28-10-2024 - 29-10-2024 - 31-10-2024 - 06-11-2024 - 08-11-2024 - 18-11-2024 - 19-11-2024 - 20-11-2024 - 22-11-2024 - 25-11-2024 - 26-11-2024 - 27-11-2024 - 28-11-2024 - 29-11-2024 - 02-12-2024 - 03-12-2024 - 04-12-2024 - 05-12-2024 - 09-12-2024 - 10-1"&"2-2024 - 11-12-2024 - 12-12-2024 - 16-12-2024 - 18-12-2024 - 19-12-2024 - 20-12-2024 - 10-10-2025 - 17-10-2025 - 20-10-2025 - 21-10-2025 - 22-10-2025 - 30-10-2025 - 31-10-2025 - 05-11-2025 - 06-11-2025") -> 05-06-2018 - 06-06-2018 - 07-06-2018 - 08-06-2018 - 16-10-2018 - 17-10-2018 - 18-10-2018 - 19-10-2018 - 15-10-2019 - 16-10-2019 - 22-10-2019 - 06-03-2020 - 30-06-2020 - 22-09-2020 - 23-09-2020 - 29-09-2020 - 30-09-2020 - 01-10-2020 - 19-10-2020 - 04-11-2020 - 05-11-2020 - 06-11-2020 - 10-11-2020 - 12-11-2020 - 19-11-2020 - 25-11-2020 - 30-11-2020 - 01-12-2020 - 02-12-2020 - 15-12-2020 - 16-12-2020 - 05-01-2021 - 19-01-2021 - 20-01-2021 - 21-01-2021 - 02-03-2021 - 03-03-2021 - 11-03-2021 - 01-04-2021 - 02-04-2021 - 14-04-2021 - 16-04-2021 - 05-05-2021 - 07-05-2021 - 27-05-2021 - 01-06-2021 - 02-06-2021 - 11-06-2021 - 21-06-2021 - 22-06-2021 - 08-07-2021 - 09-07-2021 - - 22-07-2021 - 27-07-2021 - 07-09-2021 - 08-09-2021 - 09-09-2021 - 10-09-2021 - 20-09-2021 - 21-09-2021 - 29-09-2021 - 15-10-2021 - 21-10-2021 - 05-11-2021 - 25-11-2021 - 26-11-2021 - 02-12-2021 - 06-12-2021 - 07-12-2021 - 14-12-2021 - 15-12-2021 - 19-01-2022 - 25-01-2022 - 01-02-2022 - 02-02-2022 - 24-02-2022 - 31-03-2022 - 05-04-2022 - 06-04-2022 - 12-04-2022 - 04-05-2022 - 16-05-2022 - 08-06-2022 - 21-06-2022 - 22-06-2022 - 23-06-2022 - 24-06-2022 - 28-06-2022 - 01-07-2022 - 04-07-2022 - 05-07-2022 - 06-07-2022 - 07-07-2022 - 29-07-2022 - 29-09-2022 - 10-10-2022 - 11-10-2022 - 13-10-2022 - 18-10-2022 - 19-10-2022 - 21-10-2022 - 02-11-2022 - 07-11-2022 - 08-11-2022 - 01-12-2022 - 07-12-2022 - 11-01-2023 - 13-01-2023 - 23-01-2023 - 25-01-2023 - 30-01-2023 - 02-02-2023 - 06-09-2023 - 23-04-2024 - 25-04-2024 - 15-05-2024 - 27-05-2024 - 10-06-2024 - 14-06-2024 - 17-06-2024 - 18-06-2024 - 19-06-2024 - 20-06-2024 - 21-06-2024 - 24-06-2024 - 25-06-2024 - 26-06-2024 - 27-06-2024 - 28-06-2024 - 08-07-2024 - 09-07-2024 - 10-07-2024 - 11-07-2024 - 12-07-2024 - 16-07-2024 - 17-07-2024 - 22-07-2024 - 23-07-2024 - 03-09-2024 - 09-09-2024 - 10-09-2024 - 11-09-2024 - 12-09-2024 - 13-09-2024 - 16-09-2024 - 17-09-2024 - 18-09-2024 - 19-09-2024 - 20-09-2024 - 01-10-2024 - 02-10-2024 - 03-10-2024 - 08-10-2024 - 21-10-2024 - 23-10-2024 - 24-10-2024 - 25-10-2024 - 28-10-2024 - 29-10-2024 - 31-10-2024 - 06-11-2024 - 08-11-2024 - 18-11-2024 - 19-11-2024 - 20-11-2024 - 22-11-2024 - 25-11-2024 - 26-11-2024 - 27-11-2024 - 28-11-2024 - 29-11-2024 - 02-12-2024 - 03-12-2024 - 04-12-2024 - 05-12-2024 - 09-12-2024 - 10-12-2024 - 11-12-2024 - 12-12-2024 - 16-12-2024 - 18-12-2024 - 19-12-2024 - 20-12-2024 - 10-10-2025 - 17-10-2025 - 20-10-2025 - 21-10-2025 - 22-10-2025 - 30-10-2025 - 31-10-2025 - 05-11-2025 - 06-11-2025 | C19: =IFERROR(__xludf.DUMMYFUNCTION("COUNTUNIQUE(FILTER(Tests!G$4:G1001, Tests!A$4:A1001=A19))"),1368.0) -> 1368
A20: tadi_oct_2018 | B20: =IFERROR(__xludf.DUMMYFUNCTION("JOIN("" - "", TRANSPOSE(UNIQUE(FILTER(Tests!C$4:C1001, Tests!A$4:A1001=A20))))"),"16-10-2018") -> 16-10-2018 | C20: =IFERROR(__xludf.DUMMYFUNCTION("COUNTUNIQUE(FILTER(Tests!G$4:G1001, Tests!A$4:A1001=A20))"),1.0) -> 1
A21: tadi_2019 | B21: =IFERROR(__xludf.DUMMYFUNCTION("JOIN("" - "", TRANSPOSE(UNIQUE(FILTER(Tests!C$4:C1001, Tests!A$4:A1001=A21))))"),"06-06-2019 - 19-06-2019 - 20-06-2019 - 18-07-2019 - 23-07-2019 - 25-07-2019 - 30-07-2019 - 01-08-2019 - 06-08-2019") -> 06-06-2019 - 19-06-2019 - 20-06-2019 - 18-07-2019 - 23-07-2019 - 25-07-2019 - 30-07-2019 - 01-08-2019 - 06-08-2019 | C21: =IFERROR(__xludf.DUMMYFUNCTION("COUNTUNIQUE(FILTER(Tests!G$4:G1001, Tests!A$4:A1001=A21))"),164.0) -> 164
A22: Campagne acoustique oct 2019 | B22: =IFERROR(__xludf.DUMMYFUNCTION("JOIN("" - "", TRANSPOSE(UNIQUE(FILTER(Tests!C$4:C1001, Tests!A$4:A1001=A22))))"),"15-10-2019") -> 15-10-2019 | C22: =IFERROR(__xludf.DUMMYFUNCTION("COUNTUNIQUE(FILTER(Tests!G$4:G1001, Tests!A$4:A1001=A22))"),1.0) -> 1
A23: W43 - 26 tests | B23: =IFERROR(__xludf.DUMMYFUNCTION("JOIN("" - "", TRANSPOSE(UNIQUE(FILTER(Tests!C$4:C1001, Tests!A$4:A1001=A23))))"),"22-10-2019") -> 22-10-2019 | C23: =IFERROR(__xludf.DUMMYFUNCTION("COUNTUNIQUE(FILTER(Tests!G$4:G1001, Tests!A$4:A1001=A23))"),1.0) -> 1
A24: Tests de la portée pour Alarme IMC Service + Flir G300a dans une camionnette - pluie ; grêle, vent de 3 à 20 m/s | B24: =IFERROR(__xludf.DUMMYFUNCTION("JOIN("" - "", TRANSPOSE(UNIQUE(FILTER(Tests!C$4:C1001, Tests!A$4:A1001=A24))))"),"06-03-2020") -> 06-03-2020 | C24: =IFERROR(__xludf.DUMMYFUNCTION("COUNTUNIQUE(FILTER(Tests!G$4:G1001, Tests!A$4:A1001=A24))"),1.0) -> 1
A25: Tests acoustiques | B25: =IFERROR(__xludf.DUMMYFUNCTION("JOIN("" - "", TRANSPOSE(UNIQUE(FILTER(Tests!C$4:C1001, Tests!A$4:A1001=A25))))"),"30-06-2020 - 22-09-2020 - 15-12-2020") -> 30-06-2020 - 22-09-2020 - 15-12-2020 | C25: =IFERROR(__xludf.DUMMYFUNCTION("COUNTUNIQUE(FILTER(Tests!G$4:G1001, Tests!A$4:A1001=A25))"),3.0) -> 3
A26: LQA-Scientific Aviation / Campagne Environnement | B26: =IFERROR(__xludf.DUMMYFUNCTION("JOIN("" - "", TRANSPOSE(UNIQUE(FILTER(Tests!C$4:C1001, Tests!A$4:A1001=A26))))"),"29-09-2020") -> 29-09-2020 | C26: =IFERROR(__xludf.DUMMYFUNCTION("COUNTUNIQUE(FILTER(Tests!G$4:G1001, Tests!A$4:A1001=A26))"),1.0) -> 1
A27: Tests Satellite pour LQA | B27: =IFERROR(__xludf.DUMMYFUNCTION("JOIN("" - "", TRANSPOSE(UNIQUE(FILTER(Tests!C$4:C1001, Tests!A$4:A1001=A27))))"),"16-10-2020 - 29-10-2020 - 21-01-2021") -> 16-10-2020 - 29-10-2020 - 21-01-2021 | C27: =IFERROR(__xludf.DUMMYFUNCTION("COUNTUNIQUE(FILTER(Tests!G$4:G1001, Tests!A$4:A1001=A27))"),3.0) -> 3
A28: Tests Environnement LQA | B28: =IFERROR(__xludf.DUMMYFUNCTION("JOIN("" - "", TRANSPOSE(UNIQUE(FILTER(Tests!C$4:C1001, Tests!A$4:A1001=A28))))"),"19-10-2020 - 09-11-2020 - 20-11-2020") -> 19-10-2020 - 09-11-2020 - 20-11-2020 | C28: =IFERROR(__xludf.DUMMYFUNCTION("COUNTUNIQUE(FILTER(Tests!G$4:G1001, Tests!A$4:A1001=A28))"),3.0) -> 3
A29: essai pour installation IMC Service + FLIRG300a ; vent à 1 m/s du nord vers le sud | B29: =IFERROR(__xludf.DUMMYFUNCTION("JOIN("" - "", TRANSPOSE(UNIQUE(FILTER(Tests!C$4:C1001, Tests!A$4:A1001=A29))))"),"04-11-2020") -> 04-11-2020 | C29: =IFERROR(__xludf.DUMMYFUNCTION("COUNTUNIQUE(FILTER(Tests!G$4:G1001, Tests!A$4:A1001=A29))"),1.0) -> 1
A30: essai pour installation IMC Service + FLIRG300a ; vent à 4 m/s et venant de l'est l'après-midi | B30: =IFERROR(__xludf.DUMMYFUNCTION("JOIN("" - "", TRANSPOSE(UNIQUE(FILTER(Tests!C$4:C1001, Tests!A$4:A1001=A30))))"),"05-11-2020") -> 05-11-2020 | C30: =IFERROR(__xludf.DUMMYFUNCTION("COUNTUNIQUE(FILTER(Tests!G$4:G1001, Tests!A$4:A1001=A30))"),1.0) -> 1
A31: essai pour installation du système IMC Service + FLIR G300a | B31: =IFERROR(__xludf.DUMMYFUNCTION("JOIN("" - "", TRANSPOSE(UNIQUE(FILTER(Tests!C$4:C1001, Tests!A$4:A1001=A31))))"),"06-11-2020") -> 06-11-2020 | C31: =IFERROR(__xludf.DUMMYFUNCTION("COUNTUNIQUE(FILTER(Tests!G$4:G1001, Tests!A$4:A1001=A31))"),1.0) -> 1
A32: Tests environnement LQA | B32: =IFERROR(__xludf.DUMMYFUNCTION("JOIN("" - "", TRANSPOSE(UNIQUE(FILTER(Tests!C$4:C1001, Tests!A$4:A1001=A32))))"),"19-10-2020 - 09-11-2020 - 20-11-2020") -> 19-10-2020 - 09-11-2020 - 20-11-2020 | C32: =IFERROR(__xludf.DUMMYFUNCTION("COUNTUNIQUE(FILTER(Tests!G$4:G1001, Tests!A$4:A1001=A32))"),3.0) -> 3
A33: Tests installation IMC Service | B33: =IFERROR(__xludf.DUMMYFUNCTION("JOIN("" - "", TRANSPOSE(UNIQUE(FILTER(Tests!C$4:C1001, Tests!A$4:A1001=A33))))"),"12-11-2020") -> 12-11-2020 | C33: =IFERROR(__xludf.DUMMYFUNCTION("COUNTUNIQUE(FILTER(Tests!G$4:G1001, Tests!A$4:A1001=A33))"),1.0) -> 1
A34: Tests ACOEM / Robotique | B34: =IFERROR(__xludf.DUMMYFUNCTION("JOIN("" - "", TRANSPOSE(UNIQUE(FILTER(Tests!C$4:C1001, Tests!A$4:A1001=A34))))"),"30-11-2020") -> 30-11-2020 | C34: =IFERROR(__xludf.DUMMYFUNCTION("COUNTUNIQUE(FILTER(Tests!G$4:G1001, Tests!A$4:A1001=A34))"),1.0) -> 1
A35: Tests Rebellion et IMC Services | B35: =IFERROR(__xludf.DUMMYFUNCTION("JOIN("" - "", TRANSPOSE(UNIQUE(FILTER(Tests!C$4:C1001, Tests!A$4:A1001=A35))))"),"05-01-2021") -> 05-01-2021 | C35: =IFERROR(__xludf.DUMMYFUNCTION("COUNTUNIQUE(FILTER(Tests!G$4:G1001, Tests!A$4:A1001=A35))"),1.0) -> 1
A36: Tests pour Com | B36: =IFERROR(__xludf.DUMMYFUNCTION("JOIN("" - "", TRANSPOSE(UNIQUE(FILTER(Tests!C$4:C1001, Tests!A$4:A1001=A36))))"),"07-01-2021") -> 07-01-2021 | C36: =IFERROR(__xludf.DUMMYFUNCTION("COUNTUNIQUE(FILTER(Tests!G$4:G1001, Tests!A$4:A1001=A36))"),1.0) -> 1
A37: Tests pour Rebellion | B37: =IFERROR(__xludf.DUMMYFUNCTION("JOIN("" - "", TRANSPOSE(UNIQUE(FILTER(Tests!C$4:C1001, Tests!A$4:A1001=A37))))"),"19-01-2021") -> 19-01-2021 | C37: =IFERROR(__xludf.DUMMYFUNCTION("COUNTUNIQUE(FILTER(Tests!G$4:G1001, Tests!A$4:A1001=A37))"),1.0) -> 1
A38: Tests pour LQA | B38: =IFERROR(__xludf.DUMMYFUNCTION("JOIN("" - "", TRANSPOSE(UNIQUE(FILTER(Tests!C$4:C1001, Tests!A$4:A1001=A38))))"),"20-01-2021 - 11-03-2021 - 16-04-2021 - 04-05-2021 - 05-05-2021 - 06-05-2021 - 07-05-2021 - 27-05-2021 - 31-05-2021 - 02-06-2021 - 21-06-2021 - 22-07-2021") -> 20-01-2021 - 11-03-2021 - 16-04-2021 - 04-05-2021 - 05-05-2021 - 06-05-2021 - 07-05-2021 - 27-05-2021 - 31-05-2021 - 02-06-2021 - 21-06-2021 - 22-07-2021 | C38: =IFERROR(__xludf.DUMMYFUNCTION("COUNTUNIQUE(FILTER(Tests!G$4:G1001, Tests!A$4:A1001=A38))"),12.0) -> 12
A39: Tests satellite pour LQA | B39: =IFERROR(__xludf.DUMMYFUNCTION("JOIN("" - "", TRANSPOSE(UNIQUE(FILTER(Tests!C$4:C1001, Tests!A$4:A1001=A39))))"),"16-10-2020 - 29-10-2020 - 21-01-2021") -> 16-10-2020 - 29-10-2020 - 21-01-2021 | C39: =IFERROR(__xludf.DUMMYFUNCTION("COUNTUNIQUE(FILTER(Tests!G$4:G1001, Tests!A$4:A1001=A39))"),3.0) -> 3
A40: Tests acoustiques 02 et 03 mars 2021 | B40: =IFERROR(__xludf.DUMMYFUNCTION("JOIN("" - "", TRANSPOSE(UNIQUE(FILTER(Tests!C$4:C1001, Tests!A$4:A1001=A40))))"),"02-03-2021") -> 02-03-2021 | C40: =IFERROR(__xludf.DUMMYFUNCTION("COUNTUNIQUE(FILTER(Tests!G$4:G1001, Tests!A$4:A1001=A40))"),1.0) -> 1
A41: Tests acoustiques Robot-POD Acoem 01 et 02 avril 2021 | B41: =IFERROR(__xludf.DUMMYFUNCTION("JOIN("" - "", TRANSPOSE(UNIQUE(FILTER(Tests!C$4:C1001, Tests!A$4:A1001=A41))))"),"01-04-2021") -> 01-04-2021 | C41: =IFERROR(__xludf.DUMMYFUNCTION("COUNTUNIQUE(FILTER(Tests!G$4:G1001, Tests!A$4:A1001=A41))"),1.0) -> 1
A42: Tests pour caméra Rebellion 14 avril 2021 | B42: =IFERROR(__xludf.DUMMYFUNCTION("JOIN("" - "", TRANSPOSE(UNIQUE(FILTER(Tests!C$4:C1001, Tests!A$4:A1001=A42))))"),"14-04-2021") -> 14-04-2021 | C42: =IFERROR(__xludf.DUMMYFUNCTION("COUNTUNIQUE(FILTER(Tests!G$4:G1001, Tests!A$4:A1001=A42))"),1.0) -> 1
A43: Test satellite pour LQA | B43: =IFERROR(__xludf.DUMMYFUNCTION("JOIN("" - "", TRANSPOSE(UNIQUE(FILTER(Tests!C$4:C1001, Tests!A$4:A1001=A43))))"),"03-05-2021 - 10-06-2021") -> 03-05-2021 - 10-06-2021 | C43: =IFERROR(__xludf.DUMMYFUNCTION("COUNTUNIQUE(FILTER(Tests!G$4:G1001, Tests!A$4:A1001=A43))"),2.0) -> 2
A44: Tests pour IMC Services | B44: =IFERROR(__xludf.DUMMYFUNCTION("JOIN("" - "", TRANSPOSE(UNIQUE(FILTER(Tests!C$4:C1001, Tests!A$4:A1001=A44))))"),"05-05-2021 - 11-06-2021") -> 05-05-2021 - 11-06-2021 | C44: =IFERROR(__xludf.DUMMYFUNCTION("COUNTUNIQUE(FILTER(Tests!G$4:G1001, Tests!A$4:A1001=A44))"),2.0) -> 2
A45: Tests capteur mobile Draeger CH4 | B45: =IFERROR(__xludf.DUMMYFUNCTION("JOIN("" - "", TRANSPOSE(UNIQUE(FILTER(Tests!C$4:C1001, Tests!A$4:A1001=A45))))"),"22-06-2021") -> 22-06-2021 | C45: =IFERROR(__xludf.DUMMYFUNCTION("COUNTUNIQUE(FILTER(Tests!G$4:G1001, Tests!A$4:A1001=A45))"),1.0) -> 1
A46: Tests pour LQA-Université Grenoble Alpes (Avion) | B46: =IFERROR(__xludf.DUMMYFUNCTION("JOIN("" - "", TRANSPOSE(UNIQUE(FILTER(Tests!C$4:C1001, Tests!A$4:A1001=A46))))"),"07-05-2021") -> 07-05-2021 | C46: =IFERROR(__xludf.DUMMYFUNCTION("COUNTUNIQUE(FILTER(Tests!G$4:G1001, Tests!A$4:A1001=A46))"),1.0) -> 1
A47: Tests pour Acoustiques (ACOEM et WAVELY) | B47: =IFERROR(__xludf.DUMMYFUNCTION("JOIN("" - "", TRANSPOSE(UNIQUE(FILTER(Tests!C$4:C1001, Tests!A$4:A1001=A47))))"),"08-07-2021") -> 08-07-2021 | C47: =IFERROR(__xludf.DUMMYFUNCTION("COUNTUNIQUE(FILTER(Tests!G$4:G1001, Tests!A$4:A1001=A47))"),1.0) -> 1
A48: Tests pour Acoustiques ACOEM | B48: =IFERROR(__xludf.DUMMYFUNCTION("JOIN("" - "", TRANSPOSE(UNIQUE(FILTER(Tests!C$4:C1001, Tests!A$4:A1001=A48))))"),"27-07-2021") -> 27-07-2021 | C48: =IFERROR(__xludf.DUMMYFUNCTION("COUNTUNIQUE(FILTER(Tests!G$4:G1001, Tests!A$4:A1001=A48))"),1.0) -> 1
A49: Tests LQA septembre 2021 | B49: =IFERROR(__xludf.DUMMYFUNCTION("JOIN("" - "", TRANSPOSE(UNIQUE(FILTER(Tests!C$4:C1001, Tests!A$4:A1001=A49))))"),"07-09-2021 - 20-09-2021") -> 07-09-2021 - 20-09-2021 | C49: =IFERROR(__xludf.DUMMYFUNCTION("COUNTUNIQUE(FILTER(Tests!G$4:G1001, Tests!A$4:A1001=A49))"),2.0) -> 2
A50: Tests SAFETY septembre 2021 | B50: =IFERROR(__xludf.DUMMYFUNCTION("JOIN("" - "", TRANSPOSE(UNIQUE(FILTER(Tests!C$4:C1001, Tests!A$4:A1001=A50))))"),"21-09-2021") -> 21-09-2021 | C50: =IFERROR(__xludf.DUMMYFUNCTION("COUNTUNIQUE(FILTER(Tests!G$4:G1001, Tests!A$4:A1001=A50))"),1.0) -> 1
A51: Tests SAFETY-IMC septembre 2021 | B51: =IFERROR(__xludf.DUMMYFUNCTION("JOIN("" - "", TRANSPOSE(UNIQUE(FILTER(Tests!C$4:C1001, Tests!A$4:A1001=A51))))"),"29-09-2021") -> 29-09-2021 | C51: =IFERROR(__xludf.DUMMYFUNCTION("COUNTUNIQUE(FILTER(Tests!G$4:G1001, Tests!A$4:A1001=A51))"),1.0) -> 1
A52: Tests SAFETY-IMC octobre 2021 | B52: =IFERROR(__xludf.DUMMYFUNCTION("JOIN("" - "", TRANSPOSE(UNIQUE(FILTER(Tests!C$4:C1001, Tests!A$4:A1001=A52))))"),"15-10-2021 - 21-10-2021") -> 15-10-2021 - 21-10-2021 | C52: =IFERROR(__xludf.DUMMYFUNCTION("COUNTUNIQUE(FILTER(Tests!G$4:G1001, Tests!A$4:A1001=A52))"),2.0) -> 2
A53: Tests SAFETY-IMC novembre 2021 | B53: =IFERROR(__xludf.DUMMYFUNCTION("JOIN("" - "", TRANSPOSE(UNIQUE(FILTER(Tests!C$4:C1001, Tests!A$4:A1001=A53))))"),"05-11-2021 - 25-11-2021 - 26-11-2021") -> 05-11-2021 - 25-11-2021 - 26-11-2021 | C53: =IFERROR(__xludf.DUMMYFUNCTION("COUNTUNIQUE(FILTER(Tests!G$4:G1001, Tests!A$4:A1001=A53))"),3.0) -> 3
A54: Tests STG novembre 2021 | B54: =IFERROR(__xludf.DUMMYFUNCTION("JOIN("" - "", TRANSPOSE(UNIQUE(FILTER(Tests!C$4:C1001, Tests!A$4:A1001=A54))))"),"05-11-2021") -> 05-11-2021 | C54: =IFERROR(__xludf.DUMMYFUNCTION("COUNTUNIQUE(FILTER(Tests!G$4:G1001, Tests!A$4:A1001=A54))"),1.0) -> 1
A55: Tests SAFETY-IMC décembre 2021 | B55: =IFERROR(__xludf.DUMMYFUNCTION("JOIN("" - "", TRANSPOSE(UNIQUE(FILTER(Tests!C$4:C1001, Tests!A$4:A1001=A55))))"),"02-12-2021 - 06-12-2021 - 07-12-2021 - 14-12-2021") -> 02-12-2021 - 06-12-2021 - 07-12-2021 - 14-12-2021 | C55: =IFERROR(__xludf.DUMMYFUNCTION("COUNTUNIQUE(FILTER(Tests!G$4:G1001, Tests!A$4:A1001=A55))"),4.0) -> 4
A56: Tests ACOEM décembre 2021 - Antenne n°9 à la position n°1 sous la structure (28,7/-11,5/1,25) | B56: =IFERROR(__xludf.DUMMYFUNCTION("JOIN("" - "", TRANSPOSE(UNIQUE(FILTER(Tests!C$4:C1001, Tests!A$4:A1001=A56))))"),"15-12-2021") -> 15-12-2021 | C56: =IFERROR(__xludf.DUMMYFUNCTION("COUNTUNIQUE(FILTER(Tests!G$4:G1001, Tests!A$4:A1001=A56))"),1.0) -> 1
A57: Tests ACOEM décembre 2021 - Antenne n°9 à la position n°2 sur la structure (29/-15,4/4,25) | B57: =IFERROR(__xludf.DUMMYFUNCTION("JOIN("" - "", TRANSPOSE(UNIQUE(FILTER(Tests!C$4:C1001, Tests!A$4:A1001=A57))))"),"15-12-2021") -> 15-12-2021 | C57: =IFERROR(__xludf.DUMMYFUNCTION("COUNTUNIQUE(FILTER(Tests!G$4:G1001, Tests!A$4:A1001=A57))"),1.0) -> 1
A58: Tests ACOEM décembre 2021 - Antenne n°9 à la position n°3 (40/-30/1,25) | B58: =IFERROR(__xludf.DUMMYFUNCTION("JOIN("" - "", TRANSPOSE(UNIQUE(FILTER(Tests!C$4:C1001, Tests!A$4:A1001=A58))))"),"15-12-2021") -> 15-12-2021 | C58: =IFERROR(__xludf.DUMMYFUNCTION("COUNTUNIQUE(FILTER(Tests!G$4:G1001, Tests!A$4:A1001=A58))"),1.0) -> 1
A59: Tests Wavely | B59: =IFERROR(__xludf.DUMMYFUNCTION("JOIN("" - "", TRANSPOSE(UNIQUE(FILTER(Tests!C$4:C1001, Tests!A$4:A1001=A59))))"),"19-01-2022 - 08-10-2024") -> 19-01-2022 - 08-10-2024 | C59: =IFERROR(__xludf.DUMMYFUNCTION("COUNTUNIQUE(FILTER(Tests!G$4:G1001, Tests!A$4:A1001=A59))"),2.0) -> 2
A60: Tests FLUKE | B60: =IFERROR(__xludf.DUMMYFUNCTION("JOIN("" - "", TRANSPOSE(UNIQUE(FILTER(Tests!C$4:C1001, Tests!A$4:A1001=A60))))"),"25-01-2022 - 02-02-2022") -> 25-01-2022 - 02-02-2022 | C60: =IFERROR(__xludf.DUMMYFUNCTION("COUNTUNIQUE(FILTER(Tests!G$4:G1001, Tests!A$4:A1001=A60))"),2.0) -> 2
A61: Tests IMC | B61: =IFERROR(__xludf.DUMMYFUNCTION("JOIN("" - "", TRANSPOSE(UNIQUE(FILTER(Tests!C$4:C1001, Tests!A$4:A1001=A61))))"),"01-02-2022 - 24-02-2022 - 11-01-2023 - 13-01-2023 - 23-01-2023 - 30-01-2023 - 02-02-2023") -> 01-02-2022 - 24-02-2022 - 11-01-2023 - 13-01-2023 - 23-01-2023 - 30-01-2023 - 02-02-2023 | C61: =IFERROR(__xludf.DUMMYFUNCTION("COUNTUNIQUE(FILTER(Tests!G$4:G1001, Tests!A$4:A1001=A61))"),7.0) -> 7
A62: Tests acoustique - Fluke | B62: =IFERROR(__xludf.DUMMYFUNCTION("JOIN("" - "", TRANSPOSE(UNIQUE(FILTER(Tests!C$4:C1001, Tests!A$4:A1001=A62))))"),"24-02-2022") -> 24-02-2022 | C62: =IFERROR(__xludf.DUMMYFUNCTION("COUNTUNIQUE(FILTER(Tests!G$4:G1001, Tests!A$4:A1001=A62))"),1.0) -> 1
A63: Tests acoustiques et Draeger | B63: =IFERROR(__xludf.DUMMYFUNCTION("JOIN("" - "", TRANSPOSE(UNIQUE(FILTER(Tests!C$4:C1001, Tests!A$4:A1001=A63))))"),"24-02-2022") -> 24-02-2022 | C63: =IFERROR(__xludf.DUMMYFUNCTION("COUNTUNIQUE(FILTER(Tests!G$4:G1001, Tests!A$4:A1001=A63))"),1.0) -> 1
A64: Tests NGF-BOSTON DYNAMICS-FLUKE | B64: =IFERROR(__xludf.DUMMYFUNCTION("JOIN("" - "", TRANSPOSE(UNIQUE(FILTER(Tests!C$4:C1001, Tests!A$4:A1001=A64))))"),"31-03-2022") -> 31-03-2022 | C64: =IFERROR(__xludf.DUMMYFUNCTION("COUNTUNIQUE(FILTER(Tests!G$4:G1001, Tests!A$4:A1001=A64))"),1.0) -> 1
A65: Tests DIG-Russie | B65: =IFERROR(__xludf.DUMMYFUNCTION("JOIN("" - "", TRANSPOSE(UNIQUE(FILTER(Tests!C$4:C1001, Tests!A$4:A1001=A65))))"),"05-04-2022") -> 05-04-2022 | C65: =IFERROR(__xludf.DUMMYFUNCTION("COUNTUNIQUE(FILTER(Tests!G$4:G1001, Tests!A$4:A1001=A65))"),1.0) -> 1
A66: Tests Exavision | B66: =IFERROR(__xludf.DUMMYFUNCTION("JOIN("" - "", TRANSPOSE(UNIQUE(FILTER(Tests!C$4:C1001, Tests!A$4:A1001=A66))))"),"06-04-2022") -> 06-04-2022 | C66: =IFERROR(__xludf.DUMMYFUNCTION("COUNTUNIQUE(FILTER(Tests!G$4:G1001, Tests!A$4:A1001=A66))"),1.0) -> 1
A67: Tests Customer Line CO2 | B67: =IFERROR(__xludf.DUMMYFUNCTION("JOIN("" - "", TRANSPOSE(UNIQUE(FILTER(Tests!C$4:C1001, Tests!A$4:A1001=A67))))"),"12-04-2022") -> 12-04-2022 | C67: =IFERROR(__xludf.DUMMYFUNCTION("COUNTUNIQUE(FILTER(Tests!G$4:G1001, Tests!A$4:A1001=A67))"),1.0) -> 1
A68: Test O&G Tech | B68: =IFERROR(__xludf.DUMMYFUNCTION("JOIN("" - "", TRANSPOSE(UNIQUE(FILTER(Tests!C$4:C1001, Tests!A$4:A1001=A68))))"),"04-05-2022") -> 04-05-2022 | C68: =IFERROR(__xludf.DUMMYFUNCTION("COUNTUNIQUE(FILTER(Tests!G$4:G1001, Tests!A$4:A1001=A68))"),1.0) -> 1
A69: Test Démo CO2 | B69: =IFERROR(__xludf.DUMMYFUNCTION("JOIN("" - "", TRANSPOSE(UNIQUE(FILTER(Tests!C$4:C1001, Tests!A$4:A1001=A69))))"),"16-05-2022") -> 16-05-2022 | C69: =IFERROR(__xludf.DUMMYFUNCTION("COUNTUNIQUE(FILTER(Tests!G$4:G1001, Tests!A$4:A1001=A69))"),1.0) -> 1
A70: Tests Exavision-IMC | B70: =IFERROR(__xludf.DUMMYFUNCTION("JOIN("" - "", TRANSPOSE(UNIQUE(FILTER(Tests!C$4:C1001, Tests!A$4:A1001=A70))))"),"08-06-2022") -> 08-06-2022 | C70: =IFERROR(__xludf.DUMMYFUNCTION("COUNTUNIQUE(FILTER(Tests!G$4:G1001, Tests!A$4:A1001=A70))"),1.0) -> 1
A71: Tests régulation TADI | B71: =IFERROR(__xludf.DUMMYFUNCTION("JOIN("" - "", TRANSPOSE(UNIQUE(FILTER(Tests!C$4:C1001, Tests!A$4:A1001=A71))))"),"08-06-2022") -> 08-06-2022 | C71: =IFERROR(__xludf.DUMMYFUNCTION("COUNTUNIQUE(FILTER(Tests!G$4:G1001, Tests!A$4:A1001=A71))"),1.0) -> 1
A72: Tests campagne LQA | B72: =IFERROR(__xludf.DUMMYFUNCTION("JOIN("" - "", TRANSPOSE(UNIQUE(FILTER(Tests!C$4:C1001, Tests!A$4:A1001=A72))))"),"21-06-2022") -> 21-06-2022 | C72: =IFERROR(__xludf.DUMMYFUNCTION("COUNTUNIQUE(FILTER(Tests!G$4:G1001, Tests!A$4:A1001=A72))"),1.0) -> 1
A73: Test visite PETROBRAS | B73: =IFERROR(__xludf.DUMMYFUNCTION("JOIN("" - "", TRANSPOSE(UNIQUE(FILTER(Tests!C$4:C1001, Tests!A$4:A1001=A73))))"),"28-06-2022") -> 28-06-2022 | C73: =IFERROR(__xludf.DUMMYFUNCTION("COUNTUNIQUE(FILTER(Tests!G$4:G1001, Tests!A$4:A1001=A73))"),1.0) -> 1
A74: Tests visite CHEMOURS | B74: =IFERROR(__xludf.DUMMYFUNCTION("JOIN("" - "", TRANSPOSE(UNIQUE(FILTER(Tests!C$4:C1001, Tests!A$4:A1001=A74))))"),"01-07-2022") -> 01-07-2022 | C74: =IFERROR(__xludf.DUMMYFUNCTION("COUNTUNIQUE(FILTER(Tests!G$4:G1001, Tests!A$4:A1001=A74))"),1.0) -> 1
A75: Tests SIMAGAZ | B75: =IFERROR(__xludf.DUMMYFUNCTION("JOIN("" - "", TRANSPOSE(UNIQUE(FILTER(Tests!C$4:C1001, Tests!A$4:A1001=A75))))"),"04-07-2022") -> 04-07-2022 | C75: =IFERROR(__xludf.DUMMYFUNCTION("COUNTUNIQUE(FILTER(Tests!G$4:G1001, Tests!A$4:A1001=A75))"),1.0) -> 1
A76: Tests SAFETY | B76: =IFERROR(__xludf.DUMMYFUNCTION("JOIN("" - "", TRANSPOSE(UNIQUE(FILTER(Tests!C$4:C1001, Tests!A$4:A1001=A76))))"),"05-07-2022") -> 05-07-2022 | C76: =IFERROR(__xludf.DUMMYFUNCTION("COUNTUNIQUE(FILTER(Tests!G$4:G1001, Tests!A$4:A1001=A76))"),1.0) -> 1
A77: Campagne LQA / AUSEA | B77: =IFERROR(__xludf.DUMMYFUNCTION("JOIN("" - "", TRANSPOSE(UNIQUE(FILTER(Tests!C$4:C1001, Tests!A$4:A1001=A77))))"),"06-07-2022") -> 06-07-2022 | C77: =IFERROR(__xludf.DUMMYFUNCTION("COUNTUNIQUE(FILTER(Tests!G$4:G1001, Tests!A$4:A1001=A77))"),1.0) -> 1
A78: Tests N2 pour STORM | B78: =IFERROR(__xludf.DUMMYFUNCTION("JOIN("" - "", TRANSPOSE(UNIQUE(FILTER(Tests!C$4:C1001, Tests!A$4:A1001=A78))))"),"29-07-2022") -> 29-07-2022 | C78: =IFERROR(__xludf.DUMMYFUNCTION("COUNTUNIQUE(FILTER(Tests!G$4:G1001, Tests!A$4:A1001=A78))"),1.0) -> 1
A79: Test EXAVISION | B79: =IFERROR(__xludf.DUMMYFUNCTION("JOIN("" - "", TRANSPOSE(UNIQUE(FILTER(Tests!C$4:C1001, Tests!A$4:A1001=A79))))"),"29-09-2022 - 10-10-2022 - 11-10-2022") -> 29-09-2022 - 10-10-2022 - 11-10-2022 | C79: =IFERROR(__xludf.DUMMYFUNCTION("COUNTUNIQUE(FILTER(Tests!G$4:G1001, Tests!A$4:A1001=A79))"),3.0) -> 3
A80: Tests pour TEREGA | C80: =IFERROR(__xludf.DUMMYFUNCTION("COUNTUNIQUE(FILTER(Tests!G$4:G1001, Tests!A$4:A1001=A80))"),1.0) -> 1
A81: Tests pour abaque bouchons percés ACOEM | C81: =IFERROR(__xludf.DUMMYFUNCTION("COUNTUNIQUE(FILTER(Tests!G$4:G1001, Tests!A$4:A1001=A81))"),1.0) -> 1
A82: Tests EXAVISION pour IMC | C82: =IFERROR(__xludf.DUMMYFUNCTION("COUNTUNIQUE(FILTER(Tests!G$4:G1001, Tests!A$4:A1001=A82))"),1.0) -> 1
A83: Planning tests ACOEM | C83: =IFERROR(__xludf.DUMMYFUNCTION("COUNTUNIQUE(FILTER(Tests!G$4:G1001, Tests!A$4:A1001=A83))"),1.0) -> 1
A84: Planning tests campagne LQA novembre 2022 | C84: =IFERROR(__xludf.DUMMYFUNCTION("COUNTUNIQUE(FILTER(Tests!G$4:G1001, Tests!A$4:A1001=A84))"),2.0) -> 2
A85: Tests validation régulation débits TADI Nord | C85: =IFERROR(__xludf.DUMMYFUNCTION("COUNTUNIQUE(FILTER(Tests!G$4:G1001, Tests!A$4:A1001=A85))"),2.0) -> 2
A86: Tests IMC + Visiteurs TE | C86: =IFERROR(__xludf.DUMMYFUNCTION("COUNTUNIQUE(FILTER(Tests!G$4:G1001, Tests!A$4:A1001=A86))"),1.0) -> 1
A87: Tests pour SAFETY (Wavely, ACOEM, IMC) | C87: =IFERROR(__xludf.DUMMYFUNCTION("COUNTUNIQUE(FILTER(Tests!G$4:G1001, Tests!A$4:A1001=A87))"),1.0) -> 1
A88: Tests AUSEA-ENVEA-Day1 | C88: =IFERROR(__xludf.DUMMYFUNCTION("COUNTUNIQUE(FILTER(Tests!G$4:G1001, Tests!A$4:A1001=A88))"),1.0) -> 1
A89: Tests AUSEA-ENVEA-Day2 | C89: =IFERROR(__xludf.DUMMYFUNCTION("COUNTUNIQUE(FILTER(Tests!G$4:G1001, Tests!A$4:A1001=A89))"),1.0) -> 1
A90: Tests NGF-Caméra IMC | C90: =IFERROR(__xludf.DUMMYFUNCTION("COUNTUNIQUE(FILTER(Tests!G$4:G1001, Tests!A$4:A1001=A90))"),1.0) -> 1
A91: Tests ACOEM | C91: =IFERROR(__xludf.DUMMYFUNCTION("COUNTUNIQUE(FILTER(Tests!G$4:G1001, Tests!A$4:A1001=A91))"),1.0) -> 1
A92: Tests Hydrogène - ACOEM | C92: =IFERROR(__xludf.DUMMYFUNCTION("COUNTUNIQUE(FILTER(Tests!G$4:G1001, Tests!A$4:A1001=A92))"),1.0) -> 1
A93: Tests NGF-Caméra acoustique SORAMA | C93: =IFERROR(__xludf.DUMMYFUNCTION("COUNTUNIQUE(FILTER(Tests!G$4:G1001, Tests!A$4:A1001=A93))"),1.0) -> 1
A94: Tests STANFORD - IMEO - W25/D1 | C94: =IFERROR(__xludf.DUMMYFUNCTION("COUNTUNIQUE(FILTER(Tests!G$4:G1001, Tests!A$4:A1001=A94))"),1.0) -> 1
A95: Tests STANFORD - IMEO - W25/D2 | C95: =IFERROR(__xludf.DUMMYFUNCTION("COUNTUNIQUE(FILTER(Tests!G$4:G1001, Tests!A$4:A1001=A95))"),1.0) -> 1
A96: Tests STANFORD - IMEO - W25/D3 | C96: =IFERROR(__xludf.DUMMYFUNCTION("COUNTUNIQUE(FILTER(Tests!G$4:G1001, Tests!A$4:A1001=A96))"),1.0) -> 1
A97: Tests STANFORD - IMEO - W25/D4 | C97: =IFERROR(__xludf.DUMMYFUNCTION("COUNTUNIQUE(FILTER(Tests!G$4:G1001, Tests!A$4:A1001=A97))"),1.0) -> 1
A98: Tests STANFORD - IMEO - W25/D5 | C98: =IFERROR(__xludf.DUMMYFUNCTION("COUNTUNIQUE(FILTER(Tests!G$4:G1001, Tests!A$4:A1001=A98))"),1.0) -> 1
A99: Tests STANFORD - IMEO - W26/D1 | C99: =IFERROR(__xludf.DUMMYFUNCTION("COUNTUNIQUE(FILTER(Tests!G$4:G1001, Tests!A$4:A1001=A99))"),1.0) -> 1
A100: Tests STANFORD - IMEO - W26/D2 | C100: =IFERROR(__xludf.DUMMYFUNCTION("COUNTUNIQUE(FILTER(Tests!G$4:G1001, Tests!A$4:A1001=A100))"),1.0) -> 1
A101: Tests STANFORD - IMEO - W26/D3 | C101: =IFERROR(__xludf.DUMMYFUNCTION("COUNTUNIQUE(FILTER(Tests!G$4:G1001, Tests!A$4:A1001=A101))"),1.0) -> 1
...

Sheet Dataset
B1: GAZ | C1: Nombre | D1: %
B2: Nbre catégorie | C2: =IFERROR(__xludf.DUMMYFUNCTION("COUNTUNIQUE(Tests!M$4:M1018)"),10.0) -> 10 | D2: OK
B3: Somme | C3: =SUM(C4:C11) -> 2235
B4: {=UNIQUE(Tests!M$4:M1018)} -> N2 | C4: =COUNTIF(Tests!M$4:M1018,B4) -> 608 | D4: =C4/C$3 -> 0.27203579
B5: CH4 | C5: =COUNTIF(Tests!M$4:M1018,B5) -> 1479 | D5: =C5/C$3 -> 0.66174497
B6: unknown | C6: =COUNTIF(Tests!M$4:M1018,B6) -> 28 | D6: =C6/C$3 -> 0.012527964
B7: CO2 | C7: =COUNTIF(Tests!M$4:M1018,B7) -> 117 | D7: =C7/C$3 -> 0.052348993
C8: =COUNTIF(Tests!M$4:M1018,B8) -> 0 | D8: =C8/C$3 -> 0
B9: 20% C2H6 | C9: =COUNTIF(Tests!M$4:M1018,B9) -> 1 | D9: =C9/C$3 -> 0.00044742729
B10: 50% C3H8 | C10: =COUNTIF(Tests!M$4:M1018,B10) -> 1 | D10: =C10/C$3 -> 0.00044742729
B11: 20% C3H8 | C11: =COUNTIF(Tests!M$4:M1018,B11) -> 1 | D11: =C11/C$3 -> 0.00044742729
B12: C2H6 | C12: =COUNTIF(Tests!M$4:M1018,B12) -> 3 | D12: =C12/C$3 -> 0.0013422819
B13: C3H8 | C13: =COUNTIF(Tests!M$4:M1018,B13) -> 7 | D13: =C13/C$3 -> 0.0031319911
B14: H2
B15: Multifuites | C15: Nombre | D15: %
B16: Nbre catégorie | C16: =IFERROR(__xludf.DUMMYFUNCTION("COUNTUNIQUE(Tests!AU4:AU1018)"),2.0) -> 2 | D16: OK
B17: Oui | C17: =COUNTIF(Tests!AU4:AU1018,"Y") -> 96 | D17: =C17/C19 -> 0.063957362
B18: Non | C18: =COUNTIF(Tests!AU4:AU1018,"N") -> 1405 | D18: =C18/C19 -> 0.93604264
B19: Somme | C19: =SUM(C17:C18) -> 1501
B20: Non renseigné | C20: =COUNTBLANK(Tests!AU$4:AU1018) -> 5182 | D20: Purges
B22: Débit | C22: Nombre | D22: %
B23: Nbre catégorie | C23: =IFERROR(__xludf.DUMMYFUNCTION("COUNTUNIQUE(Tests!AT4:AT1018)"),4.0) -> 4 | D23: OK
B24: 0-1 | C24: =COUNTIF(Tests!U$4:U1018,"<1") -> 364 | D24: =C24/C$27 -> 0.19601508
B25: 1-10 | C25: =COUNTIFS(Tests!U$4:U1018,">=1",Tests!U$4:U1018,"<10") -> 1157 | D25: =C25/C$27 -> 0.62304793
B26: 10+ | C26: =COUNTIF(Tests!U$4:U1018,">=10") -> 336 | D26: =C26/C$27 -> 0.180937
B27: Somme | C27: =SUM(C24:C26) -> 1857
B28: Non renseigné | C28: =COUNTBLANK(Tests!U$4:U1018) -> 4720
B30: Zone | C30: Nombre | D30: % | E30: Sans multifuites
B31: Nbre catégorie | C31: =IFERROR(__xludf.DUMMYFUNCTION("COUNTUNIQUE(Tests!N4:N1018)"),4.0) -> 4 | D31: NOK
B32: North | C32: =COUNTIFS(Tests!N4:N1018,B32, Tests!AU4:AU1018,"N") -> 932 | D32: =C32/C$34 -> 0.7023361
B33: South | C33: =COUNTIFS(Tests!N4:N1018,B33, Tests!AU4:AU1018,"N") -> 395 | D33: =C33/C$34 -> 0.2976639
B34: Somme | C34: =SUM(C32:C33) -> 1327
B35: Non renseigné | C35: =COUNTBLANK(Tests!N$4:N$821) -> 79
A37: N° | B37: Equipement | C37: Nombre | D37: % | E37: x (m) | F37: y (m) | G37: z (m) | H37: Associated types
B38: Nbre catégories | C38: =IFERROR(__xludf.DUMMYFUNCTION("COUNTUNIQUE(Tests!O4:O1018)"),37.0) -> 37 | H38: NOK
B39: {=SORT(UNIQUE('Leak conditions'!C2:C137))} -> Fixed Point 1 | C39: =COUNTIF(Tests!O$4:O1018,B39) -> 306 | D39: =C39/C$52 -> 0.17657242 | E39: =IFERROR(__xludf.DUMMYFUNCTION("JOIN("" | "", TRANSPOSE(UNIQUE(FILTER(Tests!R$4:R1018, Tests!O$4:O1018=B39))))"),"22,4 | 22,7 | 18,4") -> 22,4 | 22,7 | 18,4 | F39: =IFERROR(__xludf.DUMMYFUNCTION("JOIN("" | "", TRANSPOSE(UNIQUE(FILTER(Tests!S$4:S1018, Tests!O$4:O1018=B39))))"),"39,6 | 39,7 | 22,7 | 35") -> 39,6 | 39,7 | 22,7 | 35 | G39: =IFERROR(__xludf.DUMMYFUNCTION("JOIN("" | "", TRANSPOSE(UNIQUE(FILTER(Tests!T$4:T1018, Tests!O$4:O1018=B39))))"),"1,8 | 1,0 | | 1,1 | 0,45 | 22,7 | 1,9 | 1,09 | 1,02 | 6,15 | 1,82") -> 1,8 | 1,0 | | 1,1 | 0,45 | 22,7 | 1,9 | 1,09 | 1,02 | 6,15 | 1,82 | H39: =IFERROR(__xludf.DUMMYFUNCTION("JOIN("", "", TRANSPOSE(UNIQUE(FILTER(Tests!P$4:P1018, Tests!O$4:O1018=B39))))"),"Horizontal tubing, Vertical tubing, Vertical piping, Drilled Plug, Open Ended Line on 6 m mast") -> Horizontal tubing, Vertical tubing, Vertical piping, Drilled Plug, Open Ended Line on 6 m mast
B40: Fixed Point 2 | C40: =COUNTIF(Tests!O$4:O1018,B40) -> 215 | D40: =C40/C$52 -> 0.12406232 | E40: =IFERROR(__xludf.DUMMYFUNCTION("JOIN("" | "", TRANSPOSE(UNIQUE(FILTER(Tests!R$4:R1018, Tests!O$4:O1018=B40))))"),"21,4 | 21,7") -> 21,4 | 21,7 | F40: =IFERROR(__xludf.DUMMYFUNCTION("JOIN("" | "", TRANSPOSE(UNIQUE(FILTER(Tests!S$4:S1018, Tests!O$4:O1018=B40))))"),"39,3 | 39,6 | 39,5 | -39,5") -> 39,3 | 39,6 | 39,5 | -39,5 | G40: =IFERROR(__xludf.DUMMYFUNCTION("JOIN("" | "", TRANSPOSE(UNIQUE(FILTER(Tests!T$4:T1018, Tests!O$4:O1018=B40))))"),"1,2 | 1,3 | | 1,8 | 1,6 | 2,4 | 1,26 | 1,28 | 1,29 | 2,5") -> 1,2 | 1,3 | | 1,8 | 1,6 | 2,4 | 1,26 | 1,28 | 1,29 | 2,5 | H40: =IFERROR(__xludf.DUMMYFUNCTION("JOIN("", "", TRANSPOSE(UNIQUE(FILTER(Tests!P$4:P1018, Tests!O$4:O1018=B40))))"),"Vertical piping, Horizontal piping, Vertical tubing, High vertical piping, High Vertical piping, Vertical Piping 3"", Vertical Piping 1""") -> Vertical piping, Horizontal piping, Vertical tubing, High vertical piping, High Vertical piping, Vertical Piping 3", Vertical Piping 1"
A41: 0 | B41: Flare (6,5 m) | C41: =COUNTIF(Tests!O$4:O1018,B41) -> 87 | D41: =C41/C$52 -> 0.050201962 | E41: =IFERROR(__xludf.DUMMYFUNCTION("JOIN("" | "", TRANSPOSE(UNIQUE(FILTER(Tests!R$4:R1018, Tests!O$4:O1018=B41))))"),"(37,7,6,5) | 37 | 37,1") -> (37,7,6,5) | 37 | 37,1 | F41: =IFERROR(__xludf.DUMMYFUNCTION("JOIN("" | "", TRANSPOSE(UNIQUE(FILTER(Tests!S$4:S1018, Tests!O$4:O1018=B41))))")," | 7 | 6,9") -> | 7 | 6,9 | G41: =IFERROR(__xludf.DUMMYFUNCTION("JOIN("" | "", TRANSPOSE(UNIQUE(FILTER(Tests!T$4:T1018, Tests!O$4:O1018=B41))))")," | 6,5 | 7") -> | 6,5 | 7 | H41: =IFERROR(__xludf.DUMMYFUNCTION("JOIN("", "", TRANSPOSE(UNIQUE(FILTER(Tests!P$4:P1018, Tests!O$4:O1018=B41))))"),"Open ended line, Fin de ligne Ouverte, Open Ended Line") -> Open ended line, Fin de ligne Ouverte, Open Ended Line
A42: 0 | B42: Large Tank D1 | C42: =COUNTIF(Tests!O$4:O1018,B42) -> 145 | D42: =C42/C$52 -> 0.083669937 | E42: =IFERROR(__xludf.DUMMYFUNCTION("JOIN("" | "", TRANSPOSE(UNIQUE(FILTER(Tests!R$4:R1018, Tests!O$4:O1018=B42))))"),"(11,8,3) | 10,3 | 10 | 10,5 | 10,7 | 9 | 16") -> (11,8,3) | 10,3 | 10 | 10,5 | 10,7 | 9 | 16 | F42: =IFERROR(__xludf.DUMMYFUNCTION("JOIN("" | "", TRANSPOSE(UNIQUE(FILTER(Tests!S$4:S1018, Tests!O$4:O1018=B42))))")," | 7,8 | 11,7 | 7,9 | 10,9 | 8,1 | 8,5 | 4,5 | -11,7") -> | 7,8 | 11,7 | 7,9 | 10,9 | 8,1 | 8,5 | 4,5 | -11,7 | G42: =IFERROR(__xludf.DUMMYFUNCTION("JOIN("" | "", TRANSPOSE(UNIQUE(FILTER(Tests!T$4:T1018, Tests!O$4:O1018=B42))))")," | 3 | 0,4 | 3,2 | 0,5 | 1,8 | 1,4") -> | 3 | 0,4 | 3,2 | 0,5 | 1,8 | 1,4 | H42: =IFERROR(__xludf.DUMMYFUNCTION("JOIN("", "", TRANSPOSE(UNIQUE(FILTER(Tests!P$4:P1018, Tests!O$4:O1018=B42))))"),"Man hole, Trou d'homme, Vanne, Valve, Flange, Poteau le long paroi ouest du tank D1, Valve - Flex PA 8 mm, Valve - Flex PA 4 mm") -> Man hole, Trou d'homme, Vanne, Valve, Flange, Poteau le long paroi ouest du tank D1, Valve - Flex PA 8 mm, Valve - Flex PA 4 mm
A43: 1 | B43: Long Tank D3 | C43: =COUNTIF(Tests!O$4:O1018,B43) -> 72 | D43: =C43/C$52 -> 0.041546451 | E43: =IFERROR(__xludf.DUMMYFUNCTION("JOIN("" | "", TRANSPOSE(UNIQUE(FILTER(Tests!R$4:R1018, Tests!O$4:O1018=B43))))"),"(16,10,0,02) | 16 | 16,2 | 21,2 | 16,1 | 16,4") -> (16,10,0,02) | 16 | 16,2 | 21,2 | 16,1 | 16,4 | F43: =IFERROR(__xludf.DUMMYFUNCTION("JOIN("" | "", TRANSPOSE(UNIQUE(FILTER(Tests!S$4:S1018, Tests!O$4:O1018=B43))))")," | 10 | 9,3 | 9,6 | 8,7 | 10,4 | -9,6") -> | 10 | 9,3 | 9,6 | 8,7 | 10,4 | -9,6 | G43: =IFERROR(__xludf.DUMMYFUNCTION("JOIN("" | "", TRANSPOSE(UNIQUE(FILTER(Tests!T$4:T1018, Tests!O$4:O1018=B43))))")," | 0,02 | 0,01 | 0,1 | 2,4 | 0 | 0,44 | 0,4") -> | 0,02 | 0,01 | 0,1 | 2,4 | 0 | 0,44 | 0,4 | H43: =IFERROR(__xludf.DUMMYFUNCTION("JOIN("", "", TRANSPOSE(UNIQUE(FILTER(Tests!P$4:P1018, Tests!O$4:O1018=B43))))"),"Open ended line, Open Ended Line, Outlet valve, Open Ended Line - Flex PA 6 mm, Open Ended Line - Flex PA 4 mm") -> Open ended line, Open Ended Line, Outlet valve, Open Ended Line - Flex PA 6 mm, Open Ended Line - Flex PA 4 mm
A44: 2 | B44: Mobile Valve 1 | C44: =COUNTIF(Tests!O$4:O1018,B44) -> 71 | D44: =C44/C$52 -> 0.040969417 | E44: =IFERROR(__xludf.DUMMYFUNCTION("JOIN("" | "", TRANSPOSE(UNIQUE(FILTER(Tests!R$4:R1018, Tests!O$4:O1018=B44))))"),"(17,7,0,55) | (15,20,0,55) | 9 | 24,5 | 16 | 17 | 16,3 | 11,7 | 1 | 2 | 5 | 10 | 20 | 1,75 | 15 | 25 | 8,8 | 7,2 | 5,7 | 15,4") -> (17,7,0,55) | (15,20,0,55) | 9 | 24,5 | 16 | 17 | 16,3 | 11,7 | 1 | 2 | 5 | 10 | 20 | 1,75 | 15 | 25 | 8,8 | 7,2 | 5,7 | 15,4 | F44: =IFERROR(__xludf.DUMMYFUNCTION("JOIN("" | "", TRANSPOSE(UNIQUE(FILTER(Tests!S$4:S1018, Tests!O$4:O1018=B44))))")," | 5 | 6 | 7 | 6,5 | 8,2 | 17,7 | 15 | 7,8 | 10,8 | -9,6 | -4,7") -> | 5 | 6 | 7 | 6,5 | 8,2 | 17,7 | 15 | 7,8 | 10,8 | -9,6 | -4,7 | G44: =IFERROR(__xludf.DUMMYFUNCTION("JOIN("" | "", TRANSPOSE(UNIQUE(FILTER(Tests!T$4:T1018, Tests!O$4:O1018=B44))))")," | 0,55 | 1,03 | 0,6 | 0,7 | 0,63 | 0,64 | 0,68") -> | 0,55 | 1,03 | 0,6 | 0,7 | 0,63 | 0,64 | 0,68 | H44: =IFERROR(__xludf.DUMMYFUNCTION("JOIN("", "", TRANSPOSE(UNIQUE(FILTER(Tests!P$4:P1018, Tests!O$4:O1018=B44))))"),"45°, Open ended line, Bouchon percé à 45°, Drilled plug, Drilled Plug, Open Ended Line, , Outlet XOV401 - Drilled Plug 2,5 mm") -> 45°, Open ended line, Bouchon percé à 45°, Drilled plug, Drilled Plug, Open Ended Line, , Outlet XOV401 - Drilled Plug 2,5 mm
A45: 3 | B45: Mobile Valves 3 | C45: =COUNTIF(Tests!O$4:O1018,B45) -> 153 | D45: =C45/C$52 -> 0.088286209 | E45: =IFERROR(__xludf.DUMMYFUNCTION("JOIN("" | "", TRANSPOSE(UNIQUE(FILTER(Tests!R$4:R1018, Tests!O$4:O1018=B45))))"),"16 | 10 | 16,3 | 15,0 | 22,0 | 17,0 | | 16,5 | 23,3 | 20 | 3,5 | 17,6 | 12 | 4 | 17,4 | 17,3 | 13 | 1,75 | 5 | 1 | 2 | 6,5") -> 16 | 10 | 16,3 | 15,0 | 22,0 | 17,0 | | 16,5 | 23,3 | 20 | 3,5 | 17,6 | 12 | 4 | 17,4 | 17,3 | 13 | 1,75 | 5 | 1 | 2 | 6,5 | F45: =IFERROR(__xludf.DUMMYFUNCTION("JOIN("" | "", TRANSPOSE(UNIQUE(FILTER(Tests!S$4:S1018, Tests!O$4:O1018=B45))))"),"15 | 5 | 6,5 | 7,0 | | 11,8 | 0,5 | 7,2 | 10 | 2 | 4,5 | 5,2 | 12,2 | 15,5 | 7,5 | 5,5 | 2,4 | 2,5 | 4 | 8 | 6") -> 15 | 5 | 6,5 | 7,0 | | 11,8 | 0,5 | 7,2 | 10 | 2 | 4,5 | 5,2 | 12,2 | 15,5 | 7,5 | 5,5 | 2,4 | 2,5 | 4 | 8 | 6 | G45: =IFERROR(__xludf.DUMMYFUNCTION("JOIN("" | "", TRANSPOSE(UNIQUE(FILTER(Tests!T$4:T1018, Tests!O$4:O1018=B45))))"),"0,55 | | 0,6 | 0,64 | 0,68 | 0,57 | 0,7 | 0,65") -> 0,55 | | 0,6 | 0,64 | 0,68 | 0,57 | 0,7 | 0,65 | H45: =IFERROR(__xludf.DUMMYFUNCTION("JOIN("", "", TRANSPOSE(UNIQUE(FILTER(Tests!P$4:P1018, Tests!O$4:O1018=B45))))"),"Open ended line, Bride sur support, , Drilled plug, Drilled Plug, Open Ended Line") -> Open ended line, Bride sur support, , Drilled plug, Drilled Plug, Open Ended Line
A46: 4 | B46: Pipe Rack | C46: =COUNTIF(Tests!O$4:O1018,B46) -> 118 | D46: =C46/C$52 -> 0.068090017 | E46: =IFERROR(__xludf.DUMMYFUNCTION("JOIN("" | "", TRANSPOSE(UNIQUE(FILTER(Tests!R$4:R1018, Tests!O$4:O1018=B46))))"),"(18;6;0,6) | 24,5 | 24,4 | 24,0 | 17,4 | 18,3") -> (18;6;0,6) | 24,5 | 24,4 | 24,0 | 17,4 | 18,3 | F46: =IFERROR(__xludf.DUMMYFUNCTION("JOIN("" | "", TRANSPOSE(UNIQUE(FILTER(Tests!S$4:S1018, Tests!O$4:O1018=B46))))")," | 7,5 | 9,7 | 5,2 | 4,2 | -7,5 | -7,7") -> | 7,5 | 9,7 | 5,2 | 4,2 | -7,5 | -7,7 | G46: =IFERROR(__xludf.DUMMYFUNCTION("JOIN("" | "", TRANSPOSE(UNIQUE(FILTER(Tests!T$4:T1018, Tests!O$4:O1018=B46))))")," | 0,57 | 0,6 | 1,34") -> | 0,57 | 0,6 | 1,34 | H46: =IFERROR(__xludf.DUMMYFUNCTION("JOIN("", "", TRANSPOSE(UNIQUE(FILTER(Tests!P$4:P1018, Tests!O$4:O1018=B46))))"),", Drilled plug, Corroded piping, Corroded pipe, Drilled Plug, Flexible, Open Ended Line, Outlet FCV403A/B - Drilled Plug 3 mm, Open Ended Line Flex PA 12 mm, Outlet XOV402 - Drilled Plug 4 mm, Corroded Pipe Hole 10 mm") -> , Drilled plug, Corroded piping, Corroded pipe, Drilled Plug, Flexible, Open Ended Line, Outlet FCV403A/B - Drilled Plug 3 mm, Open Ended Line Flex PA 12 mm, Outlet XOV402 - Drilled Plug 4 mm, Corroded Pipe Hole 10 mm
A47: 5 | B47: Product Skid | C47: =COUNTIF(Tests!O$4:O1018,B47) -> 118 | D47: =C47/C$52 -> 0.068090017 | E47: =IFERROR(__xludf.DUMMYFUNCTION("JOIN("" | "", TRANSPOSE(UNIQUE(FILTER(Tests!R$4:R1018, Tests!O$4:O1018=B47))))"),"15 | 14,84 | 14,8 | 15,2 | 15,1 | 15,5 | 24,4 | 16 | 14,6") -> 15 | 14,84 | 14,8 | 15,2 | 15,1 | 15,5 | 24,4 | 16 | 14,6 | F47: =IFERROR(__xludf.DUMMYFUNCTION("JOIN("" | "", TRANSPOSE(UNIQUE(FILTER(Tests!S$4:S1018, Tests!O$4:O1018=B47))))"),"4 | 3 | 2,37 | 2,4 | 3,4 | 7,5 | 4,5 | 3,5 | -3,4 | -3,5 | -2,4") -> 4 | 3 | 2,37 | 2,4 | 3,4 | 7,5 | 4,5 | 3,5 | -3,4 | -3,5 | -2,4 | G47: =IFERROR(__xludf.DUMMYFUNCTION("JOIN("" | "", TRANSPOSE(UNIQUE(FILTER(Tests!T$4:T1018, Tests!O$4:O1018=B47))))"),"1,3 | 1,2 | | 1,1 | 1,9 | 1,35 | 0,57 | 1,4 | 0,16 | 0,2") -> 1,3 | 1,2 | | 1,1 | 1,9 | 1,35 | 0,57 | 1,4 | 0,16 | 0,2 | H47: =IFERROR(__xludf.DUMMYFUNCTION("JOIN("", "", TRANSPOSE(UNIQUE(FILTER(Tests!P$4:P1018, Tests!O$4:O1018=B47))))"),"Plexiglas Raccord, Control box, Boitier de commande, Connector, Control Box, , Outlet valve, Connector - Flex PA 8 mm, Outlet Valve - Straight, Connector - Flex PA 6 mm, Control Box - Flex PA 8 mm, Control Box - Flex PA 3 mm") -> Plexiglas Raccord, Control box, Boitier de commande, Connector, Control Box, , Outlet valve, Connector - Flex PA 8 mm, Outlet Valve - Straight, Connector - Flex PA 6 mm, Control Box - Flex PA 8 mm, Control Box - Flex PA 3 mm
A48: 6 | B48: RPB | C48: =COUNTIF(Tests!O$4:O1018,B48) -> 137 | D48: =C48/C$52 -> 0.079053664 | E48: =IFERROR(__xludf.DUMMYFUNCTION("JOIN("" | "", TRANSPOSE(UNIQUE(FILTER(Tests!R$4:R1018, Tests!O$4:O1018=B48))))"),"18 | 17,6 | 18,6 | 18,4 | 18,3 | 18,8 | 17,9 | | 18,5 | 18,7") -> 18 | 17,6 | 18,6 | 18,4 | 18,3 | 18,8 | 17,9 | | 18,5 | 18,7 | F48: =IFERROR(__xludf.DUMMYFUNCTION("JOIN("" | "", TRANSPOSE(UNIQUE(FILTER(Tests!S$4:S1018, Tests!O$4:O1018=B48))))"),"3,5 | 3,6 | 3,9 | 4,4 | 3,2 | 4 | | 17,9 | 3,3 | 4,1 | 4,2 | -4,1 | -3,6 | -4,4") -> 3,5 | 3,6 | 3,9 | 4,4 | 3,2 | 4 | | 17,9 | 3,3 | 4,1 | 4,2 | -4,1 | -3,6 | -4,4 | G48: =IFERROR(__xludf.DUMMYFUNCTION("JOIN("" | "", TRANSPOSE(UNIQUE(FILTER(Tests!T$4:T1018, Tests!O$4:O1018=B48))))"),"1,83 | | 2,4 | 2,5 | 2,60 | 2,57 | 1,8 | 2,47 | 1,05 | 17,9 | 1,82 | 1,65 | 1,6 | 2,54 | 1,62 | 1,9 | 1,2 | 1,34 | 1,24 | 1,21") -> 1,83 | | 2,4 | 2,5 | 2,60 | 2,57 | 1,8 | 2,47 | 1,05 | 17,9 | 1,82 | 1,65 | 1,6 | 2,54 | 1,62 | 1,9 | 1,2 | 1,34 | 1,24 | 1,21 | H48: =IFERROR(__xludf.DUMMYFUNCTION("JOIN("", "", TRANSPOSE(UNIQUE(FILTER(Tests!P$4:P1018, Tests!O$4:O1018=B48))))"),"Corps de Machine/Gros Flange, Bride3, Flange 2, Flange 1, Flange 4, Flange 3, Connecting flange, Bride centrale, Flex libre pied RPB, Connecting Flange, Flex sortie FCV408, Drilled Plug, Open Ended Line, Outlet valve, Nouvelle bride, Outlet Valve - Drille"&"d Plug 5 mm, Flange 3 - Flex PA 10 mm, Flange 1 - Flex PA 6 mm") -> Corps de Machine/Gros Flange, Bride3, Flange 2, Flange 1, Flange 4, Flange 3, Connecting flange, Bride centrale, Flex libre pied RPB, Connecting Flange, Flex sortie FCV408, Drilled Plug, Open Ended Line, Outlet valve, Nouvelle bride, Outlet Valve - Drilled Plug 5 mm, Flange 3 - Flex PA 10 mm, Flange 1 - Flex PA 6 mm
A49: 7 | B49: Scrubber | C49: =COUNTIF(Tests!O$4:O1018,B49) -> 118 | D49: =C49/C$52 -> 0.068090017 | E49: =IFERROR(__xludf.DUMMYFUNCTION("JOIN("" | "", TRANSPOSE(UNIQUE(FILTER(Tests!R$4:R1018, Tests!O$4:O1018=B49))))"),"(21,4,2,26) | (21,5,1,17) | 21 | 21,1 | 20,1 | 21,2 | 20,7 | 21,5") -> (21,4,2,26) | (21,5,1,17) | 21 | 21,1 | 20,1 | 21,2 | 20,7 | 21,5 | F49: =IFERROR(__xludf.DUMMYFUNCTION("JOIN("" | "", TRANSPOSE(UNIQUE(FILTER(Tests!S$4:S1018, Tests!O$4:O1018=B49))))")," | 4 | 5 | 4,13 | 5,3 | 4,1 | 5,1 | 21,5 | -4,1 | -5,1") -> | 4 | 5 | 4,13 | 5,3 | 4,1 | 5,1 | 21,5 | -4,1 | -5,1 | G49: =IFERROR(__xludf.DUMMYFUNCTION("JOIN("" | "", TRANSPOSE(UNIQUE(FILTER(Tests!T$4:T1018, Tests!O$4:O1018=B49))))")," | 2,26 | 1,17 | 2,1 | 1,3 | 1,2 | 2,3 | 21,5") -> | 2,26 | 1,17 | 2,1 | 1,3 | 1,2 | 2,3 | 21,5 | H49: =IFERROR(__xludf.DUMMYFUNCTION("JOIN("", "", TRANSPOSE(UNIQUE(FILTER(Tests!P$4:P1018, Tests!O$4:O1018=B49))))"),"Flange, Under insulation, Calorifuge, Bride, , Under Insulation, Flange - Flex PA 10 mm, Under Insulation - Flex PA 6 mm") -> Flange, Under insulation, Calorifuge, Bride, , Under Insulation, Flange - Flex PA 10 mm, Under Insulation - Flex PA 6 mm
A50: 8 | B50: Small Tank D2 | C50: =COUNTIF(Tests!O$4:O1018,B50) -> 106 | D50: =C50/C$52 -> 0.061165609 | E50: =IFERROR(__xludf.DUMMYFUNCTION("JOIN("" | "", TRANSPOSE(UNIQUE(FILTER(Tests!R$4:R1018, Tests!O$4:O1018=B50))))"),"(22,11,2,35) | 22 | 21,4 | 21,2 | 21,8 | 21,5 | 21,7 | 21 | 10,7 | 16,5 | 20,5 | 20,6") -> (22,11,2,35) | 22 | 21,4 | 21,2 | 21,8 | 21,5 | 21,7 | 21 | 10,7 | 16,5 | 20,5 | 20,6 | F50: =IFERROR(__xludf.DUMMYFUNCTION("JOIN("" | "", TRANSPOSE(UNIQUE(FILTER(Tests!S$4:S1018, Tests!O$4:O1018=B50))))")," | 8 | 11 | 8,7 | 7,0 | 11,1 | 7,4 | 11,4 | 21,8 | 7,9 | 10,9 | 4,5 | -11,1 | -8,4 | -8,2 | -7,4") -> | 8 | 11 | 8,7 | 7,0 | 11,1 | 7,4 | 11,4 | 21,8 | 7,9 | 10,9 | 4,5 | -11,1 | -8,4 | -8,2 | -7,4 | G50: =IFERROR(__xludf.DUMMYFUNCTION("JOIN("" | "", TRANSPOSE(UNIQUE(FILTER(Tests!T$4:T1018, Tests!O$4:O1018=B50))))")," | 1,3 | 2,4 | 2,2 | 2,5 | 0,4 | 0,6 | 2,35 | 21,8 | 0,3 | 3 | 0,09 | 0,35") -> | 1,3 | 2,4 | 2,2 | 2,5 | 0,4 | 0,6 | 2,35 | 21,8 | 0,3 | 3 | 0,09 | 0,35 | H50: =IFERROR(__xludf.DUMMYFUNCTION("JOIN("", "", TRANSPOSE(UNIQUE(FILTER(Tests!P$4:P1018, Tests!O$4:O1018=B50))))"),"Flange, Valve, , Bride, Man hole, Under insulation, Sortie vanne FVC405, Under Insulation, Flange - Flex PA 6 mm, Outlet Valve - Straight, Outlet Valve - Drilled Plug 3 mm, Valve - Flex PA 10 mm") -> Flange, Valve, , Bride, Man hole, Under insulation, Sortie vanne FVC405, Under Insulation, Flange - Flex PA 6 mm, Outlet Valve - Straight, Outlet Valve - Drilled Plug 3 mm, Valve - Flex PA 10 mm
A51: 9 | B51: Well Head | C51: =COUNTIF(Tests!O$4:O1018,B51) -> 87 | D51: =C51/C$52 -> 0.050201962 | E51: =IFERROR(__xludf.DUMMYFUNCTION("JOIN("" | "", TRANSPOSE(UNIQUE(FILTER(Tests!R$4:R1018, Tests!O$4:O1018=B51))))"),"(26,14,2,5) | (25,5,12,1,65) | 26 | 25,5 | 25,8 | 25,9 | 26,4 | 26,1 | 26,3 | 26,2 | 18,3") -> (26,14,2,5) | (25,5,12,1,65) | 26 | 25,5 | 25,8 | 25,9 | 26,4 | 26,1 | 26,3 | 26,2 | 18,3 | F51: =IFERROR(__xludf.DUMMYFUNCTION("JOIN("" | "", TRANSPOSE(UNIQUE(FILTER(Tests!S$4:S1018, Tests!O$4:O1018=B51))))")," | 14 | 13,8 | 13,5 | 14,4 | 14,2 | 12,4 | 14,5 | 14,3 | 13,3 | 4,2 | -14,3 | -13,4 | -12,4") -> | 14 | 13,8 | 13,5 | 14,4 | 14,2 | 12,4 | 14,5 | 14,3 | 13,3 | 4,2 | -14,3 | -13,4 | -12,4 | G51: =IFERROR(__xludf.DUMMYFUNCTION("JOIN("" | "", TRANSPOSE(UNIQUE(FILTER(Tests!T$4:T1018, Tests!O$4:O1018=B51))))")," | 2,5 | 0,1 | 1,56 | 1,6 | 1,0 | 1,3 | 1,7 | 2,3 | 1,57 | 1,5 | 1,34 | 1,24 | 1,47 | 0,67 | 1,82") -> | 2,5 | 0,1 | 1,56 | 1,6 | 1,0 | 1,3 | 1,7 | 2,3 | 1,57 | 1,5 | 1,34 | 1,24 | 1,47 | 0,67 | 1,82 | H51: =IFERROR(__xludf.DUMMYFUNCTION("JOIN("", "", TRANSPOSE(UNIQUE(FILTER(Tests!P$4:P1018, Tests!O$4:O1018=B51))))"),"Valve, North flange, Bottom flange, Bride centre, Center flange, South flange, South Flange, Medium Flange, South Flange - Flex PA 4 mm, Center Flange - Flex PA 12 mm, North Flange - Flex PA 10 mm") -> Valve, North flange, Bottom flange, Bride centre, Center flange, South flange, South Flange, Medium Flange, South Flange - Flex PA 4 mm, Center Flange - Flex PA 12 mm, North Flange - Flex PA 10 mm
B52: Somme | C52: =SUM(C39:C51) -> 1733
B53: Non renseigné | C53: =COUNTBLANK(Tests!O$4:O1018) -> 4613
B55: Type | C55: Nombre | D55: % | E55: x (m) | F55: y (m) | G55: z (m) | H55: Associated equipments
B56: Nbre catégorie | C56: =IFERROR(__xludf.DUMMYFUNCTION("COUNTUNIQUE(Tests!P4:P1018)"),96.0) -> 96 | H56: NOK
B57: Center flange | C57: =COUNTIF(Tests!P$4:P1018,B57) -> 3 | D57: =C57/C$79 -> 0.0020215633 | E57: =IFERROR(__xludf.DUMMYFUNCTION("JOIN("" | "", TRANSPOSE(UNIQUE(FILTER(Tests!R$4:R1018, Tests!$P$4:$P1018=$B$57))))"),"25,9") -> 25,9 | F57: =IFERROR(__xludf.DUMMYFUNCTION("JOIN("" | "", TRANSPOSE(UNIQUE(FILTER(Tests!S$4:S1018, Tests!P$4:P1018=B57))))"),"13,5") -> 13,5 | G57: =IFERROR(__xludf.DUMMYFUNCTION("JOIN("" | "", TRANSPOSE(UNIQUE(FILTER(Tests!T$4:T1018, Tests!P$4:P1018=B57))))"),"1,6") -> 1,6 | H57: =IFERROR(__xludf.DUMMYFUNCTION("JOIN("", "", TRANSPOSE(UNIQUE(FILTER(Tests!O$4:O1018, Tests!P$4:P1018=B57))))"),"Well Head") -> Well Head
B58: Control box | C58: =COUNTIF(Tests!P$4:P1018,B58) -> 59 | D58: =C58/C$79 -> 0.039757412 | E58: =IFERROR(__xludf.DUMMYFUNCTION("JOIN("" | "", TRANSPOSE(UNIQUE(FILTER(Tests!R$4:R1018, Tests!P$4:P1018=B58))))"),"15 | 14,8 | 15,1 | 16") -> 15 | 14,8 | 15,1 | 16 | F58: =IFERROR(__xludf.DUMMYFUNCTION("JOIN("" | "", TRANSPOSE(UNIQUE(FILTER(Tests!S$4:S1018, Tests!P$4:P1018=B58))))"),"3 | 2,4 | 4,5") -> 3 | 2,4 | 4,5 | G58: =IFERROR(__xludf.DUMMYFUNCTION("JOIN("" | "", TRANSPOSE(UNIQUE(FILTER(Tests!T$4:T1018, Tests!P$4:P1018=B58))))"),"1,2 | 1,1 | ") -> 1,2 | 1,1 | | H58: =IFERROR(__xludf.DUMMYFUNCTION("JOIN("", "", TRANSPOSE(UNIQUE(FILTER(Tests!O$4:O1018, Tests!P$4:P1018=B58))))"),"Product Skid") -> Product Skid
B59: Drilled plug | C59: =COUNTIF(Tests!P$4:P1018,B59) -> 347 | D59: =C59/C$79 -> 0.23382749 | E59: =IFERROR(__xludf.DUMMYFUNCTION("JOIN("" | "", TRANSPOSE(UNIQUE(FILTER(Tests!R$4:R1018, Tests!P$4:P1018=B59))))"),"16,3 | 11,7 | 24,5 | 15,0 | 22,0 | 10,0 | 17,0 | | 24,0 | 16,5 | 24,4 | 23,3 | 20 | 3,5 | 17,6 | 12 | 4 | 11,5 | 17,4 | 11,3 | 10,8 | 17,3 | 1 | 2 | 5 | 13 | 16 | 1,75 | 25 | 22,7 | 18,8 | 6,5 | -5 | -10 | -15 | -20 | -25 | 18,6 | 7,8 | 18,7 | 2,5 | 7,5 "&"| 12,5 | 9,8 | 18,3") -> 16,3 | 11,7 | 24,5 | 15,0 | 22,0 | 10,0 | 17,0 | | 24,0 | 16,5 | 24,4 | 23,3 | 20 | 3,5 | 17,6 | 12 | 4 | 11,5 | 17,4 | 11,3 | 10,8 | 17,3 | 1 | 2 | 5 | 13 | 16 | 1,75 | 25 | 22,7 | 18,8 | 6,5 | -5 | -10 | -15 | -20 | -25 | 18,6 | 7,8 | 18,7 | 2,5 | 7,5 | 12,5 | 9,8 | 18,3 | F59: =IFERROR(__xludf.DUMMYFUNCTION("JOIN("" | "", TRANSPOSE(UNIQUE(FILTER(Tests!S$4:S1018, Tests!P$4:P1018=B59))))"),"6,5 | 8,2 | 7,5 | 7,0 | 5,0 | | 9,7 | 11,8 | 0,5 | 7,2 | 10 | 2 | 4,5 | 8,5 | 5,2 | 12,2 | 15,5 | 17,7 | 5,5 | 2,4 | 15 | 2,5 | 39,7 | 4 | 6 | 14 | 4,4 | 9 | 4,1 | 6,4 | 4,2") -> 6,5 | 8,2 | 7,5 | 7,0 | 5,0 | | 9,7 | 11,8 | 0,5 | 7,2 | 10 | 2 | 4,5 | 8,5 | 5,2 | 12,2 | 15,5 | 17,7 | 5,5 | 2,4 | 15 | 2,5 | 39,7 | 4 | 6 | 14 | 4,4 | 9 | 4,1 | 6,4 | 4,2 | G59: =IFERROR(__xludf.DUMMYFUNCTION("JOIN("" | "", TRANSPOSE(UNIQUE(FILTER(Tests!T$4:T1018, Tests!P$4:P1018=B59))))"),"0,6 | 0,55 | 0,57 | 0,64 | | 1,8 | 0,68 | 0,7 | 0,65 | 1,09 | 1,62 | 1,2 | 2,5 | 1,34 | 1,24") -> 0,6 | 0,55 | 0,57 | 0,64 | | 1,8 | 0,68 | 0,7 | 0,65 | 1,09 | 1,62 | 1,2 | 2,5 | 1,34 | 1,24 | H59: =IFERROR(__xludf.DUMMYFUNCTION("JOIN("", "", TRANSPOSE(UNIQUE(FILTER(Tests!O$4:O1018, Tests!P$4:P1018=B59))))"),"Mobile Valve 1, Pipe Rack, Mobile Valves 3, Mobile Valves 3 at 45° along Large Tank D1, Leak on stake (elevation : 1,8 m), Fixed Point 1, RPB, -, Mobile Valve 3, Mobile Valve 3A, Mobile Valve 3B") -> Mobile Valve 1, Pipe Rack, Mobile Valves 3, Mobile Valves 3 at 45° along Large Tank D1, Leak on stake (elevation : 1,8 m), Fixed Point 1, RPB, -, Mobile Valve 3, Mobile Valve 3A, Mobile Valve 3B
B60: Flange | C60: =COUNTIF(Tests!P$4:P1018,B60) -> 103 | D60: =C60/C$79 -> 0.069407008 | E60: =IFERROR(__xludf.DUMMYFUNCTION("JOIN("" | "", TRANSPOSE(UNIQUE(FILTER(Tests!R$4:R1018, Tests!P$4:P1018=B60))))"),"(22,11,2,35) | (21,4,2,26) | 9 | 21 | 21,1 | 21,2 | 10,5 | 10,7 | 21,7 | 21,5 | 16,5 | 16") -> (22,11,2,35) | (21,4,2,26) | 9 | 21 | 21,1 | 21,2 | 10,5 | 10,7 | 21,7 | 21,5 | 16,5 | 16 | F60: =IFERROR(__xludf.DUMMYFUNCTION("JOIN("" | "", TRANSPOSE(UNIQUE(FILTER(Tests!S$4:S1018, Tests!P$4:P1018=B60))))")," | 2 | 4 | 4,13 | 4,1 | 10,9 | 11,1 | 21,5 | 4,5") -> | 2 | 4 | 4,13 | 4,1 | 10,9 | 11,1 | 21,5 | 4,5 | G60: =IFERROR(__xludf.DUMMYFUNCTION("JOIN("" | "", TRANSPOSE(UNIQUE(FILTER(Tests!T$4:T1018, Tests!P$4:P1018=B60))))")," | 1,48 | 2,26 | 2,1 | 3,2 | 3 | 2,4 | 2,3 | 21,5") -> | 1,48 | 2,26 | 2,1 | 3,2 | 3 | 2,4 | 2,3 | 21,5 | H60: =IFERROR(__xludf.DUMMYFUNCTION("JOIN("", "", TRANSPOSE(UNIQUE(FILTER(Tests!O$4:O1018, Tests!P$4:P1018=B60))))"),"Small Tank D2, Scrubber, Vanne Mobile Bride, Large Tank D1") -> Small Tank D2, Scrubber, Vanne Mobile Bride, Large Tank D1
B61: Flange 2 | C61: =COUNTIF(Tests!P$4:P1018,B61) -> 6 | D61: =C61/C$79 -> 0.0040431267 | E61: =IFERROR(__xludf.DUMMYFUNCTION("JOIN("" | "", TRANSPOSE(UNIQUE(FILTER(Tests!R$4:R1018, Tests!P$4:P1018=B61))))"),"18,6 | 18,8") -> 18,6 | 18,8 | F61: =IFERROR(__xludf.DUMMYFUNCTION("JOIN("" | "", TRANSPOSE(UNIQUE(FILTER(Tests!S$4:S1018, Tests!P$4:P1018=B61))))"),"3,9 | 4") -> 3,9 | 4 | G61: =IFERROR(__xludf.DUMMYFUNCTION("JOIN("" | "", TRANSPOSE(UNIQUE(FILTER(Tests!T$4:T1018, Tests!P$4:P1018=B61))))"),"2,5 | 2,54") -> 2,5 | 2,54 | H61: =IFERROR(__xludf.DUMMYFUNCTION("JOIN("", "", TRANSPOSE(UNIQUE(FILTER(Tests!O$4:O1018, Tests!P$4:P1018=B61))))"),"RPB") -> RPB
B62: Flange 4 | C62: =COUNTIF(Tests!P$4:P1018,B62) -> 9 | D62: =C62/C$79 -> 0.00606469 | E62: =IFERROR(__xludf.DUMMYFUNCTION("JOIN("" | "", TRANSPOSE(UNIQUE(FILTER(Tests!R$4:R1018, Tests!P$4:P1018=B62))))"),"18,3 | 18,5") -> 18,3 | 18,5 | F62: =IFERROR(__xludf.DUMMYFUNCTION("JOIN("" | "", TRANSPOSE(UNIQUE(FILTER(Tests!S$4:S1018, Tests!P$4:P1018=B62))))"),"3,2 | 3,3") -> 3,2 | 3,3 | G62: =IFERROR(__xludf.DUMMYFUNCTION("JOIN("" | "", TRANSPOSE(UNIQUE(FILTER(Tests!T$4:T1018, Tests!P$4:P1018=B62))))")," | 1,9") -> | 1,9 | H62: =IFERROR(__xludf.DUMMYFUNCTION("JOIN("", "", TRANSPOSE(UNIQUE(FILTER(Tests!O$4:O1018, Tests!P$4:P1018=B62))))"),"RPB") -> RPB
B63: Horizontal piping | C63: =COUNTIF(Tests!P$4:P1018,B63) -> 9 | D63: =C63/C$79 -> 0.00606469 | E63: =IFERROR(__xludf.DUMMYFUNCTION("JOIN("" | "", TRANSPOSE(UNIQUE(FILTER(Tests!R$4:R1018, Tests!P$4:P1018=B63))))"),"21,4") -> 21,4 | F63: =IFERROR(__xludf.DUMMYFUNCTION("JOIN("" | "", TRANSPOSE(UNIQUE(FILTER(Tests!S$4:S1018, Tests!P$4:P1018=B63))))"),"39,3") -> 39,3 | G63: =IFERROR(__xludf.DUMMYFUNCTION("JOIN("" | "", TRANSPOSE(UNIQUE(FILTER(Tests!T$4:T1018, Tests!P$4:P1018=B63))))")," | 1,8") -> | 1,8 | H63: =IFERROR(__xludf.DUMMYFUNCTION("JOIN("", "", TRANSPOSE(UNIQUE(FILTER(Tests!O$4:O1018, Tests!P$4:P1018=B63))))"),"Fixed Point 2") -> Fixed Point 2
B64: Horizontal tubing | C64: =COUNTIF(Tests!P$4:P1018,B64) -> 45 | D64: =C64/C$79 -> 0.03032345 | E64: =IFERROR(__xludf.DUMMYFUNCTION("JOIN("" | "", TRANSPOSE(UNIQUE(FILTER(Tests!R$4:R1018, Tests!P$4:P1018=B64))))"),"22,4 | 22,7") -> 22,4 | 22,7 | F64: =IFERROR(__xludf.DUMMYFUNCTION("JOIN("" | "", TRANSPOSE(UNIQUE(FILTER(Tests!S$4:S1018, Tests!P$4:P1018=B64))))"),"39,6 | 39,7") -> 39,6 | 39,7 | G64: =IFERROR(__xludf.DUMMYFUNCTION("JOIN("" | "", TRANSPOSE(UNIQUE(FILTER(Tests!T$4:T1018, Tests!P$4:P1018=B64))))"),"1,8 | | 1,82") -> 1,8 | | 1,82 | H64: =IFERROR(__xludf.DUMMYFUNCTION("JOIN("", "", TRANSPOSE(UNIQUE(FILTER(Tests!O$4:O1018, Tests!P$4:P1018=B64))))"),"Fixed Point 1") -> Fixed Point 1
B65: Man hole | C65: =COUNTIF(Tests!P$4:P1018,B65) -> 108 | D65: =C65/C$79 -> 0.07277628 | E65: =IFERROR(__xludf.DUMMYFUNCTION("JOIN("" | "", TRANSPOSE(UNIQUE(FILTER(Tests!R$4:R1018, Tests!P$4:P1018=B65))))"),"(11,8,3) | 21,2 | 10,3 | 21,5") -> (11,8,3) | 21,2 | 10,3 | 21,5 | F65: =IFERROR(__xludf.DUMMYFUNCTION("JOIN("" | "", TRANSPOSE(UNIQUE(FILTER(Tests!S$4:S1018, Tests!P$4:P1018=B65))))")," | 8,7 | 7,9 | 8,1") -> | 8,7 | 7,9 | 8,1 | G65: =IFERROR(__xludf.DUMMYFUNCTION("JOIN("" | "", TRANSPOSE(UNIQUE(FILTER(Tests!T$4:T1018, Tests!P$4:P1018=B65))))")," | 2,4 | 3,0 | 2,35") -> | 2,4 | 3,0 | 2,35 | H65: =IFERROR(__xludf.DUMMYFUNCTION("JOIN("", "", TRANSPOSE(UNIQUE(FILTER(Tests!O$4:O1018, Tests!P$4:P1018=B65))))"),"Large Tank D1, Small Tank D2") -> Large Tank D1, Small Tank D2
B66: North flange | C66: =COUNTIF(Tests!P$4:P1018,B66) -> 15 | D66: =C66/C$79 -> 0.010107817 | E66: =IFERROR(__xludf.DUMMYFUNCTION("JOIN("" | "", TRANSPOSE(UNIQUE(FILTER(Tests!R$4:R1018, Tests!P$4:P1018=B66))))"),"(25,5,12,1,65) | 25,9 | 26,3 | 18,3") -> (25,5,12,1,65) | 25,9 | 26,3 | 18,3 | F66: =IFERROR(__xludf.DUMMYFUNCTION("JOIN("" | "", TRANSPOSE(UNIQUE(FILTER(Tests!S$4:S1018, Tests!P$4:P1018=B66))))")," | 12,4 | 4,2") -> | 12,4 | 4,2 | G66: =IFERROR(__xludf.DUMMYFUNCTION("JOIN("" | "", TRANSPOSE(UNIQUE(FILTER(Tests!T$4:T1018, Tests!P$4:P1018=B66))))")," | 1,7 | 1,6 | 1,57 | 1,34 | 1,24") -> | 1,7 | 1,6 | 1,57 | 1,34 | 1,24 | H66: =IFERROR(__xludf.DUMMYFUNCTION("JOIN("", "", TRANSPOSE(UNIQUE(FILTER(Tests!O$4:O1018, Tests!P$4:P1018=B66))))"),"Well Head") -> Well Head
B67: Open ended line | C67: =COUNTIF(Tests!P$4:P1018,B67) -> 205 | D67: =C67/C$79 -> 0.13814016 | E67: =IFERROR(__xludf.DUMMYFUNCTION("JOIN("" | "", TRANSPOSE(UNIQUE(FILTER(Tests!R$4:R1018, Tests!P$4:P1018=B67))))"),"(37,7,6,5) | (16,10,0,02) | 9 | 24,5 | 16 | 37 | 16,2 | 37,1 | 21,2 | 16,1 | 18,5 | 16,5 | 3 | 18,4 | 8,8 | 6,5 | 22,9 | 24,4 | 9,1 | 15 | 20,3 | 19,3 | 17,8 | 28,9 | 29,6 | 23,5 | 23,7 | 3,5 | 18,3") -> (37,7,6,5) | (16,10,0,02) | 9 | 24,5 | 16 | 37 | 16,2 | 37,1 | 21,2 | 16,1 | 18,5 | 16,5 | 3 | 18,4 | 8,8 | 6,5 | 22,9 | 24,4 | 9,1 | 15 | 20,3 | 19,3 | 17,8 | 28,9 | 29,6 | 23,5 | 23,7 | 3,5 | 18,3 | F67: =IFERROR(__xludf.DUMMYFUNCTION("JOIN("" | "", TRANSPOSE(UNIQUE(FILTER(Tests!S$4:S1018, Tests!P$4:P1018=B67))))")," | 5 | 6 | 15 | 9,5 | 7 | 10 | 7,5 | 9,3 | 9,6 | 6,9 | 8,7 | 3,3 | 8 | 35 | 7,8 | 9,2 | 11,5 | 8,2 | 15,7 | 15,8 | 12,3 | 15,3 | 3,5 | 42,1") -> | 5 | 6 | 15 | 9,5 | 7 | 10 | 7,5 | 9,3 | 9,6 | 6,9 | 8,7 | 3,3 | 8 | 35 | 7,8 | 9,2 | 11,5 | 8,2 | 15,7 | 15,8 | 12,3 | 15,3 | 3,5 | 42,1 | G67: =IFERROR(__xludf.DUMMYFUNCTION("JOIN("" | "", TRANSPOSE(UNIQUE(FILTER(Tests!T$4:T1018, Tests!P$4:P1018=B67))))")," | 0,55 | 0,535 | 1,03 | 0,02 | 0,6 | 6,5 | 0,01 | 0,1 | 7,0 | 2,4 | 0 | 1,9 | 1,56 | 6,15 | 0,63 | 1 | 0,57 | 0,64 | 1,65 | 0,8 | 1,97 | 1,63 | 20 | 10 | 3,08") -> | 0,55 | 0,535 | 1,03 | 0,02 | 0,6 | 6,5 | 0,01 | 0,1 | 7,0 | 2,4 | 0 | 1,9 | 1,56 | 6,15 | 0,63 | 1 | 0,57 | 0,64 | 1,65 | 0,8 | 1,97 | 1,63 | 20 | 10 | 3,08 | H67: =IFERROR(__xludf.DUMMYFUNCTION("JOIN("", "", TRANSPOSE(UNIQUE(FILTER(Tests!O$4:O1018, Tests!P$4:P1018=B67))))"),"Flare (6,5 m), Long Tank D3, Mobile Valve 1, Mobile Valves 3, Vanne Mobile 2 Rack Tuyauterie, RPB, -, Mast, Pipe Rack, Mobile Valve 3A, Mast 20 m") -> Flare (6,5 m), Long Tank D3, Mobile Valve 1, Mobile Valves 3, Vanne Mobile 2 Rack Tuyauterie, RPB, -, Mast, Pipe Rack, Mobile Valve 3A, Mast 20 m
B68: South flange | C68: =COUNTIF(Tests!P$4:P1018,B68) -> 25 | D68: =C68/C$79 -> 0.016846361 | E68: =IFERROR(__xludf.DUMMYFUNCTION("JOIN("" | "", TRANSPOSE(UNIQUE(FILTER(Tests!R$4:R1018, Tests!P$4:P1018=B68))))"),"26,0 | 26,4 | 26,1 | 26,2") -> 26,0 | 26,4 | 26,1 | 26,2 | F68: =IFERROR(__xludf.DUMMYFUNCTION("JOIN("" | "", TRANSPOSE(UNIQUE(FILTER(Tests!S$4:S1018, Tests!P$4:P1018=B68))))"),"14,4 | 14,2 | 14,3 | 14,5") -> 14,4 | 14,2 | 14,3 | 14,5 | G68: =IFERROR(__xludf.DUMMYFUNCTION("JOIN("" | "", TRANSPOSE(UNIQUE(FILTER(Tests!T$4:T1018, Tests!P$4:P1018=B68))))"),"1,0 | 1,3 | | 1,5 | 1,7 | 1,47") -> 1,0 | 1,3 | | 1,5 | 1,7 | 1,47 | H68: =IFERROR(__xludf.DUMMYFUNCTION("JOIN("", "", TRANSPOSE(UNIQUE(FILTER(Tests!O$4:O1018, Tests!P$4:P1018=B68))))"),"Well Head") -> Well Head
B69: Under insulation | C69: =COUNTIF(Tests!P$4:P1018,B69) -> 54 | D69: =C69/C$79 -> 0.03638814 | E69: =IFERROR(__xludf.DUMMYFUNCTION("JOIN("" | "", TRANSPOSE(UNIQUE(FILTER(Tests!R$4:R1018, Tests!P$4:P1018=B69))))"),"(21,5,1,17) | 21 | 20,1 | 22 | 20,7") -> (21,5,1,17) | 21 | 20,1 | 22 | 20,7 | F69: =IFERROR(__xludf.DUMMYFUNCTION("JOIN("" | "", TRANSPOSE(UNIQUE(FILTER(Tests!S$4:S1018, Tests!P$4:P1018=B69))))")," | 5 | 5,3 | 11,4 | 5,1") -> | 5 | 5,3 | 11,4 | 5,1 | G69: =IFERROR(__xludf.DUMMYFUNCTION("JOIN("" | "", TRANSPOSE(UNIQUE(FILTER(Tests!T$4:T1018, Tests!P$4:P1018=B69))))")," | 1,17 | 1,3 | 0,6 | 1,2") -> | 1,17 | 1,3 | 0,6 | 1,2 | H69: =IFERROR(__xludf.DUMMYFUNCTION("JOIN("", "", TRANSPOSE(UNIQUE(FILTER(Tests!O$4:O1018, Tests!P$4:P1018=B69))))"),"Scrubber, Small Tank D2") -> Scrubber, Small Tank D2
B70: Valve | C70: =COUNTIF(Tests!P$4:P1018,B70) -> 66 | D70: =C70/C$79 -> 0.044474394 | E70: =IFERROR(__xludf.DUMMYFUNCTION("JOIN("" | "", TRANSPOSE(UNIQUE(FILTER(Tests!R$4:R1018, Tests!P$4:P1018=B70))))"),"(26,14,2,5) | 26 | 22 | 10,0 | 21,8 | 26,4 | 21,4 | 10,3") -> (26,14,2,5) | 26 | 22 | 10,0 | 21,8 | 26,4 | 21,4 | 10,3 | F70: =IFERROR(__xludf.DUMMYFUNCTION("JOIN("" | "", TRANSPOSE(UNIQUE(FILTER(Tests!S$4:S1018, Tests!P$4:P1018=B70))))")," | 14 | 8 | 11,7 | 7,0 | 14,4 | 11,1 | 7,4 | 14,5 | 8,1 | 21,8") -> | 14 | 8 | 11,7 | 7,0 | 14,4 | 11,1 | 7,4 | 14,5 | 8,1 | 21,8 | G70: =IFERROR(__xludf.DUMMYFUNCTION("JOIN("" | "", TRANSPOSE(UNIQUE(FILTER(Tests!T$4:T1018, Tests!P$4:P1018=B70))))")," | 2,5 | 1,3 | 0,4 | 2,2 | 2,3 | 0,5 | 3 | 21,8") -> | 2,5 | 1,3 | 0,4 | 2,2 | 2,3 | 0,5 | 3 | 21,8 | H70: =IFERROR(__xludf.DUMMYFUNCTION("JOIN("", "", TRANSPOSE(UNIQUE(FILTER(Tests!O$4:O1018, Tests!P$4:P1018=B70))))"),"Well Head, Small Tank D2, Large Tank D1") -> Well Head, Small Tank D2, Large Tank D1
B71: Vertical piping | C71: =COUNTIF(Tests!P$4:P1018,B71) -> 173 | D71: =C71/C$79 -> 0.11657682 | E71: =IFERROR(__xludf.DUMMYFUNCTION("JOIN("" | "", TRANSPOSE(UNIQUE(FILTER(Tests!R$4:R1018, Tests!P$4:P1018=B71))))"),"21,4 | 22,4 | 21,7") -> 21,4 | 22,4 | 21,7 | F71: =IFERROR(__xludf.DUMMYFUNCTION("JOIN("" | "", TRANSPOSE(UNIQUE(FILTER(Tests!S$4:S1018, Tests!P$4:P1018=B71))))"),"39,3 | 39,6 | 39,5") -> 39,3 | 39,6 | 39,5 | G71: =IFERROR(__xludf.DUMMYFUNCTION("JOIN("" | "", TRANSPOSE(UNIQUE(FILTER(Tests!T$4:T1018, Tests!P$4:P1018=B71))))"),"1,2 | 1,3 | | 1,0 | 1,1 | 1,8 | 1,6 | 1,26 | 1,28 | 1,29") -> 1,2 | 1,3 | | 1,0 | 1,1 | 1,8 | 1,6 | 1,26 | 1,28 | 1,29 | H71: =IFERROR(__xludf.DUMMYFUNCTION("JOIN("", "", TRANSPOSE(UNIQUE(FILTER(Tests!O$4:O1018, Tests!P$4:P1018=B71))))"),"Fixed Point 2, Fixed Point 1") -> Fixed Point 2, Fixed Point 1
B72: Vertical tubing | C72: =COUNTIF(Tests!P$4:P1018,B72) -> 257 | D72: =C72/C$79 -> 0.17318059 | E72: =IFERROR(__xludf.DUMMYFUNCTION("JOIN("" | "", TRANSPOSE(UNIQUE(FILTER(Tests!R$4:R1018, Tests!P$4:P1018=B72))))"),"22,4 | 21,4 | 22,7 | 21,7") -> 22,4 | 21,4 | 22,7 | 21,7 | F72: =IFERROR(__xludf.DUMMYFUNCTION("JOIN("" | "", TRANSPOSE(UNIQUE(FILTER(Tests!S$4:S1018, Tests!P$4:P1018=B72))))"),"39,6 | 39,3 | 39,7 | 22,7 | 39,5") -> 39,6 | 39,3 | 39,7 | 22,7 | 39,5 | G72: =IFERROR(__xludf.DUMMYFUNCTION("JOIN("" | "", TRANSPOSE(UNIQUE(FILTER(Tests!T$4:T1018, Tests!P$4:P1018=B72))))"),"1,0 | | 1,1 | 0,45 | 22,7 | 1,9 | 1,26 | 1,09 | 1,02 | 1,3") -> 1,0 | | 1,1 | 0,45 | 22,7 | 1,9 | 1,26 | 1,09 | 1,02 | 1,3 | H72: =IFERROR(__xludf.DUMMYFUNCTION("JOIN("", "", TRANSPOSE(UNIQUE(FILTER(Tests!O$4:O1018, Tests!P$4:P1018=B72))))"),"Fixed Point 1, Fixed Point 2") -> Fixed Point 1, Fixed Point 2
B73: Bottom flange | C73: =COUNTIF(Tests!P$4:P1018,B73) -> 18 | D73: =C73/C$79 -> 0.01212938 | E73: =IFERROR(__xludf.DUMMYFUNCTION("JOIN("" | "", TRANSPOSE(UNIQUE(FILTER(Tests!R$4:R1018, Tests!P$4:P1018=B73))))"),"25,5 | 26,1 | 26") -> 25,5 | 26,1 | 26 | F73: =IFERROR(__xludf.DUMMYFUNCTION("JOIN("" | "", TRANSPOSE(UNIQUE(FILTER(Tests!S$4:S1018, Tests!P$4:P1018=B73))))"),"13,8 | 13,5 | 13,3") -> 13,8 | 13,5 | 13,3 | G73: =IFERROR(__xludf.DUMMYFUNCTION("JOIN("" | "", TRANSPOSE(UNIQUE(FILTER(Tests!T$4:T1018, Tests!P$4:P1018=B73))))"),"0,1 | 1,3") -> 0,1 | 1,3 | H73: =IFERROR(__xludf.DUMMYFUNCTION("JOIN("", "", TRANSPOSE(UNIQUE(FILTER(Tests!O$4:O1018, Tests!P$4:P1018=B73))))"),"Well Head") -> Well Head
B74: Connector | C74: =COUNTIF(Tests!P$4:P1018,B74) -> 25 | D74: =C74/C$79 -> 0.016846361 | E74: =IFERROR(__xludf.DUMMYFUNCTION("JOIN("" | "", TRANSPOSE(UNIQUE(FILTER(Tests!R$4:R1018, Tests!P$4:P1018=B74))))"),"15,2 | 15,5") -> 15,2 | 15,5 | F74: =IFERROR(__xludf.DUMMYFUNCTION("JOIN("" | "", TRANSPOSE(UNIQUE(FILTER(Tests!S$4:S1018, Tests!P$4:P1018=B74))))"),"3,4") -> 3,4 | G74: =IFERROR(__xludf.DUMMYFUNCTION("JOIN("" | "", TRANSPOSE(UNIQUE(FILTER(Tests!T$4:T1018, Tests!P$4:P1018=B74))))"),"1,9 | 1,35 | 1,4") -> 1,9 | 1,35 | 1,4 | H74: =IFERROR(__xludf.DUMMYFUNCTION("JOIN("", "", TRANSPOSE(UNIQUE(FILTER(Tests!O$4:O1018, Tests!P$4:P1018=B74))))"),"Product Skid") -> Product Skid
B75: Corroded pipe | C75: =COUNTIF(Tests!P$4:P1018,B75) -> 7 | D75: =C75/C$79 -> 0.0047169811 | E75: =IFERROR(__xludf.DUMMYFUNCTION("JOIN("" | "", TRANSPOSE(UNIQUE(FILTER(Tests!R$4:R1018, Tests!P$4:P1018=B75))))"),"24,4") -> 24,4 | F75: =IFERROR(__xludf.DUMMYFUNCTION("JOIN("" | "", TRANSPOSE(UNIQUE(FILTER(Tests!S$4:S1018, Tests!P$4:P1018=B75))))"),"9,7") -> 9,7 | G75: =IFERROR(__xludf.DUMMYFUNCTION("JOIN("" | "", TRANSPOSE(UNIQUE(FILTER(Tests!T$4:T1018, Tests!P$4:P1018=B75))))"),"0,57 | 0,6") -> 0,57 | 0,6 | H75: =IFERROR(__xludf.DUMMYFUNCTION("JOIN("", "", TRANSPOSE(UNIQUE(FILTER(Tests!O$4:O1018, Tests!P$4:P1018=B75))))"),"Pipe Rack") -> Pipe Rack
B76: High vertical piping | C76: =COUNTIF(Tests!P$4:P1018,B76) -> 8 | D76: =C76/C$79 -> 0.0053908356 | E76: =IFERROR(__xludf.DUMMYFUNCTION("JOIN("" | "", TRANSPOSE(UNIQUE(FILTER(Tests!R$4:R1018, Tests!P$4:P1018=B76))))"),"21,7") -> 21,7 | F76: =IFERROR(__xludf.DUMMYFUNCTION("JOIN("" | "", TRANSPOSE(UNIQUE(FILTER(Tests!S$4:S1018, Tests!P$4:P1018=B76))))"),"39,5") -> 39,5 | G76: =IFERROR(__xludf.DUMMYFUNCTION("JOIN("" | "", TRANSPOSE(UNIQUE(FILTER(Tests!T$4:T1018, Tests!P$4:P1018=B76))))"),"2,4 | 2,5") -> 2,4 | 2,5 | H76: =IFERROR(__xludf.DUMMYFUNCTION("JOIN("", "", TRANSPOSE(UNIQUE(FILTER(Tests!O$4:O1018, Tests!P$4:P1018=B76))))"),"Fixed Point 2") -> Fixed Point 2
B77: Connecting flange | C77: =COUNTIF(Tests!P$4:P1018,B77) -> 7 | D77: =C77/C$79 -> 0.0047169811 | E77: =IFERROR(__xludf.DUMMYFUNCTION("JOIN("" | "", TRANSPOSE(UNIQUE(FILTER(Tests!R$4:R1018, Tests!P$4:P1018=B77))))"),"18,3") -> 18,3 | F77: =IFERROR(__xludf.DUMMYFUNCTION("JOIN("" | "", TRANSPOSE(UNIQUE(FILTER(Tests!S$4:S1018, Tests!P$4:P1018=B77))))"),"3,9") -> 3,9 | G77: =IFERROR(__xludf.DUMMYFUNCTION("JOIN("" | "", TRANSPOSE(UNIQUE(FILTER(Tests!T$4:T1018, Tests!P$4:P1018=B77))))"),"1,8 | 1,82") -> 1,8 | 1,82 | H77: =IFERROR(__xludf.DUMMYFUNCTION("JOIN("", "", TRANSPOSE(UNIQUE(FILTER(Tests!O$4:O1018, Tests!P$4:P1018=B77))))"),"RPB") -> RPB
B78: TADI's purge | C78: =IFERROR(__xludf.DUMMYFUNCTION("COUNT(FILTER(Tests!C$4:C1018, FIND(B78,Tests!P$4:P1018)))"),175.0) -> 175 | D78: =C78/C$79 -> 0.11792453 | E78: =IFERROR(__xludf.DUMMYFUNCTION("JOIN("" | "", TRANSPOSE(UNIQUE(FILTER(Tests!R$4:R1018, FIND(B78,Tests!P$4:P1018)))))")," | -") -> | - | F78: =IFERROR(__xludf.DUMMYFUNCTION("JOIN("" | "", TRANSPOSE(UNIQUE(FILTER(Tests!S$4:S1018, FIND(B78,Tests!P$4:P1018)))))")," | 39,5 | -") -> | 39,5 | - | G78: =IFERROR(__xludf.DUMMYFUNCTION("JOIN("" | "", TRANSPOSE(UNIQUE(FILTER(Tests!T$4:T1018, FIND(B78,Tests!P$4:P1018)))))")," | -") -> | - | H78: =IFERROR(__xludf.DUMMYFUNCTION("JOIN("", "", TRANSPOSE(UNIQUE(FILTER(Tests!O$4:O1018, Tests!P$4:P1018=B78))))"),"")
B79: Somme | C79: =SUM(C57:C72) -> 1484
B80: Non renseigné | C80: =COUNTBLANK(Tests!P$4:P1018) -> 4577
B84: Equipement | D84: Associated types
B85: {=SORT(UNIQUE(Tests!O$4:O1018))} -> #REF! | D85: =IFERROR(__xludf.DUMMYFUNCTION("JOIN("", "", TRANSPOSE(UNIQUE(FILTER(Tests!P$4:P1018, Tests!O$4:O1018=B85))))"),"#N/A") -> #N/A
D86: =IFERROR(__xludf.DUMMYFUNCTION("JOIN("", "", TRANSPOSE(UNIQUE(FILTER(Tests!P$4:P1018, Tests!O$4:O1018=B86))))"),", TADI's purge, TADI's purge CH4, TADI's purge N2, TADI's purge CO2") -> , TADI's purge, TADI's purge CH4, TADI's purge N2, TADI's purge CO2
D87: =IFERROR(__xludf.DUMMYFUNCTION("JOIN("", "", TRANSPOSE(UNIQUE(FILTER(Tests!P$4:P1018, Tests!O$4:O1018=B87))))"),", TADI's purge, TADI's purge CH4, TADI's purge N2, TADI's purge CO2") -> , TADI's purge, TADI's purge CH4, TADI's purge N2, TADI's purge CO2
D88: =IFERROR(__xludf.DUMMYFUNCTION("JOIN("", "", TRANSPOSE(UNIQUE(FILTER(Tests!P$4:P1018, Tests!O$4:O1018=B88))))"),", TADI's purge, TADI's purge CH4, TADI's purge N2, TADI's purge CO2") -> , TADI's purge, TADI's purge CH4, TADI's purge N2, TADI's purge CO2
D89: =IFERROR(__xludf.DUMMYFUNCTION("JOIN("", "", TRANSPOSE(UNIQUE(FILTER(Tests!P$4:P1018, Tests!O$4:O1018=B89))))"),", TADI's purge, TADI's purge CH4, TADI's purge N2, TADI's purge CO2") -> , TADI's purge, TADI's purge CH4, TADI's purge N2, TADI's purge CO2
D90: =IFERROR(__xludf.DUMMYFUNCTION("JOIN("", "", TRANSPOSE(UNIQUE(FILTER(Tests!P$4:P1018, Tests!O$4:O1018=B90))))"),", TADI's purge, TADI's purge CH4, TADI's purge N2, TADI's purge CO2") -> , TADI's purge, TADI's purge CH4, TADI's purge N2, TADI's purge CO2
D91: =IFERROR(__xludf.DUMMYFUNCTION("JOIN("", "", TRANSPOSE(UNIQUE(FILTER(Tests!P$4:P1018, Tests!O$4:O1018=B91))))"),", TADI's purge, TADI's purge CH4, TADI's purge N2, TADI's purge CO2") -> , TADI's purge, TADI's purge CH4, TADI's purge N2, TADI's purge CO2
D92: =IFERROR(__xludf.DUMMYFUNCTION("JOIN("", "", TRANSPOSE(UNIQUE(FILTER(Tests!P$4:P1018, Tests!O$4:O1018=B92))))"),", TADI's purge, TADI's purge CH4, TADI's purge N2, TADI's purge CO2") -> , TADI's purge, TADI's purge CH4, TADI's purge N2, TADI's purge CO2
D93: =IFERROR(__xludf.DUMMYFUNCTION("JOIN("", "", TRANSPOSE(UNIQUE(FILTER(Tests!P$4:P1018, Tests!O$4:O1018=B93))))"),", TADI's purge, TADI's purge CH4, TADI's purge N2, TADI's purge CO2") -> , TADI's purge, TADI's purge CH4, TADI's purge N2, TADI's purge CO2
D94: =IFERROR(__xludf.DUMMYFUNCTION("JOIN("", "", TRANSPOSE(UNIQUE(FILTER(Tests!P$4:P1018, Tests!O$4:O1018=B94))))"),", TADI's purge, TADI's purge CH4, TADI's purge N2, TADI's purge CO2") -> , TADI's purge, TADI's purge CH4, TADI's purge N2, TADI's purge CO2
D95: =IFERROR(__xludf.DUMMYFUNCTION("JOIN("", "", TRANSPOSE(UNIQUE(FILTER(Tests!P$4:P1018, Tests!O$4:O1018=B95))))"),", TADI's purge, TADI's purge CH4, TADI's purge N2, TADI's purge CO2") -> , TADI's purge, TADI's purge CH4, TADI's purge N2, TADI's purge CO2
D96: =IFERROR(__xludf.DUMMYFUNCTION("JOIN("", "", TRANSPOSE(UNIQUE(FILTER(Tests!P$4:P1018, Tests!O$4:O1018=B96))))"),", TADI's purge, TADI's purge CH4, TADI's purge N2, TADI's purge CO2") -> , TADI's purge, TADI's purge CH4, TADI's purge N2, TADI's purge CO2
D97: =IFERROR(__xludf.DUMMYFUNCTION("JOIN("", "", TRANSPOSE(UNIQUE(FILTER(Tests!P$4:P1018, Tests!O$4:O1018=B97))))"),", TADI's purge, TADI's purge CH4, TADI's purge N2, TADI's purge CO2") -> , TADI's purge, TADI's purge CH4, TADI's purge N2, TADI's purge CO2
D98: =IFERROR(__xludf.DUMMYFUNCTION("JOIN("", "", TRANSPOSE(UNIQUE(FILTER(Tests!P$4:P1018, Tests!O$4:O1018=B98))))"),", TADI's purge, TADI's purge CH4, TADI's purge N2, TADI's purge CO2") -> , TADI's purge, TADI's purge CH4, TADI's purge N2, TADI's purge CO2
D99: =IFERROR(__xludf.DUMMYFUNCTION("JOIN("", "", TRANSPOSE(UNIQUE(FILTER(Tests!P$4:P1018, Tests!O$4:O1018=B99))))"),", TADI's purge, TADI's purge CH4, TADI's purge N2, TADI's purge CO2") -> , TADI's purge, TADI's purge CH4, TADI's purge N2, TADI's purge CO2
D100: =IFERROR(__xludf.DUMMYFUNCTION("JOIN("", "", TRANSPOSE(UNIQUE(FILTER(Tests!P$4:P1018, Tests!O$4:O1018=B100))))"),", TADI's purge, TADI's purge CH4, TADI's purge N2, TADI's purge CO2") -> , TADI's purge, TADI's purge CH4, TADI's purge N2, TADI's purge CO2
D101: =IFERROR(__xludf.DUMMYFUNCTION("JOIN("", "", TRANSPOSE(UNIQUE(FILTER(Tests!P$4:P1018, Tests!O$4:O1018=B101))))"),", TADI's purge, TADI's purge CH4, TADI's purge N2, TADI's purge CO2") -> , TADI's purge, TADI's purge CH4, TADI's purge N2, TADI's purge CO2
D102: =IFERROR(__xludf.DUMMYFUNCTION("JOIN("", "", TRANSPOSE(UNIQUE(FILTER(Tests!P$4:P1018, Tests!O$4:O1018=B102))))"),", TADI's purge, TADI's purge CH4, TADI's purge N2, TADI's purge CO2") -> , TADI's purge, TADI's purge CH4, TADI's purge N2, TADI's purge CO2
D103: =IFERROR(__xludf.DUMMYFUNCTION("JOIN("", "", TRANSPOSE(UNIQUE(FILTER(Tests!P$4:P1018, Tests!O$4:O1018=B103))))"),", TADI's purge, TADI's purge CH4, TADI's purge N2, TADI's purge CO2") -> , TADI's purge, TADI's purge CH4, TADI's purge N2, TADI's purge CO2
D104: =IFERROR(__xludf.DUMMYFUNCTION("JOIN("", "", TRANSPOSE(UNIQUE(FILTER(Tests!P$4:P1018, Tests!O$4:O1018=B104))))"),", TADI's purge, TADI's purge CH4, TADI's purge N2, TADI's purge CO2") -> , TADI's purge, TADI's purge CH4, TADI's purge N2, TADI's purge CO2
D105: =IFERROR(__xludf.DUMMYFUNCTION("JOIN("", "", TRANSPOSE(UNIQUE(FILTER(Tests!P$4:P1018, Tests!O$4:O1018=B105))))"),", TADI's purge, TADI's purge CH4, TADI's purge N2, TADI's purge CO2") -> , TADI's purge, TADI's purge CH4, TADI's purge N2, TADI's purge CO2
D106: =IFERROR(__xludf.DUMMYFUNCTION("JOIN("", "", TRANSPOSE(UNIQUE(FILTER(Tests!P$4:P1018, Tests!O$4:O1018=B106))))"),", TADI's purge, TADI's purge CH4, TADI's purge N2, TADI's purge CO2") -> , TADI's purge, TADI's purge CH4, TADI's purge N2, TADI's purge CO2
D107: =IFERROR(__xludf.DUMMYFUNCTION("JOIN("", "", TRANSPOSE(UNIQUE(FILTER(Tests!P$4:P1018, Tests!O$4:O1018=B107))))"),", TADI's purge, TADI's purge CH4, TADI's purge N2, TADI's purge CO2") -> , TADI's purge, TADI's purge CH4, TADI's purge N2, TADI's purge CO2
...

Sheet Leak conditions
A1: Location | B1: ID | C1: Equipment | D1: Control Valve | E1: N° | F1: ID | G1: Leak Type / Location | H1: Leak Description | I1: Local X (m) | J1: Local Y (m) | K1: Local Z (m) | L1: N° | M1: ID | N1: Type and nominal size of orifice | O1: ID (mm) | P1: Tubing Color | Q1: Leak ID | S1: Equipment | U1: Control Valve | W1: Type and nominal size of orifice | X1: ID (mm)
A2: North | B2: N1 | C2: Mobile Valve 1 | D2: XOV401 | E2: 1 | F2: N1-1 | G2: Drilled Plug | H2: Mobile Valve 1 - Drilled Plug | I2: 11.6 | J2: -9.1 | K2: 0.68 | L2: 1 | M2: N1-1-1 | N2: Pierced cap 0,5 mm | O2: 0.5 | P2: - | Q2: N1-1/ID:0,5mm | S2: - | U2: - | W2: - | X2: -
A3: North | B3: N1 | C3: Mobile Valve 1 | D3: XOV401 | E3: 1 | F3: N1-1 | G3: Drilled Plug | H3: Mobile Valve 1 - Drilled Plug | I3: 11.6 | J3: -9.1 | K3: 0.68 | L3: 2 | M3: N1-1-2 | N3: Pierced cap 1 mm | O3: 1 | P3: - | Q3: N1-1/ID:1mm | S3: Mobile Valve 1 | U3: XOV401 | W3: Pierced cap 0,5 mm | X3: 0.5
A4: North | B4: N1 | C4: Mobile Valve 1 | D4: XOV401 | E4: 1 | F4: N1-1 | G4: Drilled Plug | H4: Mobile Valve 1 - Drilled Plug | I4: 11.6 | J4: -9.1 | K4: 0.68 | L4: 3 | M4: N1-1-3 | N4: Pierced cap 1,5 mm | O4: 1.5 | P4: - | Q4: N1-1/ID:1,5mm | S4: Pipe Rack | U4: XOV402 | W4: Pierced cap 1 mm | X4: 1
A5: North | B5: N1 | C5: Mobile Valve 1 | D5: XOV401 | E5: 1 | F5: N1-1 | G5: Drilled Plug | H5: Mobile Valve 1 - Drilled Plug | I5: 11.6 | J5: -9.1 | K5: 0.68 | L5: 4 | M5: N1-1-4 | N5: Pierced cap 2 mm | O5: 2 | P5: - | Q5: N1-1/ID:2mm | S5: Mobile Valves 3 | U5: FCV403A | W5: Pierced cap 1,5 mm | X5: 1.5
A6: North | B6: N1 | C6: Mobile Valve 1 | D6: XOV401 | E6: 1 | F6: N1-1 | G6: Drilled Plug | H6: Mobile Valve 1 - Drilled Plug | I6: 11.6 | J6: -9.1 | K6: 0.68 | L6: 5 | M6: N1-1-5 | N6: Pierced cap 2,5 mm | O6: 2.5 | P6: - | Q6: N1-1/ID:2,5mm | S6: Large Tank D1 | U6: FCV403B | W6: Pierced cap 2 mm | X6: 2
A7: North | B7: N1 | C7: Mobile Valve 1 | D7: XOV401 | E7: 1 | F7: N1-1 | G7: Drilled Plug | H7: Mobile Valve 1 - Drilled Plug | I7: 11.6 | J7: -9.1 | K7: 0.68 | L7: 6 | M7: N1-1-6 | N7: Pierced cap 3 mm | O7: 3 | P7: - | Q7: N1-1/ID:3mm | S7: Small Tank D2 | U7: FCV404 | W7: Pierced cap 2,5 mm | X7: 2.5
A8: North | B8: N1 | C8: Mobile Valve 1 | D8: XOV401 | E8: 1 | F8: N1-1 | G8: Drilled Plug | H8: Mobile Valve 1 - Drilled Plug | I8: 11.6 | J8: -9.1 | K8: 0.68 | L8: 7 | M8: N1-1-7 | N8: Pierced cap 4 mm | O8: 4 | P8: - | Q8: N1-1/ID:4mm | S8: Long Tank D3 | U8: FCV405 | W8: Pierced cap 3 mm | X8: 3
A9: North | B9: N1 | C9: Mobile Valve 1 | D9: XOV401 | E9: 1 | F9: N1-1 | G9: Drilled Plug | H9: Mobile Valve 1 - Drilled Plug | I9: 11.6 | J9: -9.1 | K9: 0.68 | L9: 8 | M9: N1-1-8 | N9: Pierced cap 5 mm | O9: 5 | P9: - | Q9: N1-1/ID:5mm | S9: Product Skid | U9: FCV406 | W9: Pierced cap 4 mm | X9: 4
A10: North | B10: N1 | C10: Mobile Valve 1 | D10: XOV401 | E10: 2 | F10: N1-2 | G10: Mobile flange | H10: Mobile Valve 1 - Mobile flange | I10: - | J10: - | K10: - | L10: 1 | M10: N1-2-1 | N10: Flange space - | O10: - | P10: - | Q10: N1-2/ID:-mm | S10: RPB | U10: FCV407 | W10: Pierced cap 5 mm | X10: 5
A11: North | B11: N2 | C11: Pipe Rack | D11: XOV402 | E11: 1 | F11: N2-1 | G11: Corroded Pipe | H11: Pipe Rack - Corroded Pipe | I11: 24.4 | J11: -7.7 | K11: 0.57 | L11: 1 | M11: N2-1-1 | N11: Hole 10 mm | O11: 10 | P11: - | Q11: N2-1/ID:10mm | S11: Scrubber | U11: FCV408 | W11: Hole 10 mm | X11: 10
A12: North | B12: N2 | C12: Pipe Rack | D12: XOV402 | E12: 2 | F12: N2-2 | G12: Drilled Plug | H12: Pipe Rack - Drilled Plug | I12: 24.4 | J12: -7.5 | K12: 0.57 | L12: 1 | M12: N2-2-1 | N12: Pierced cap 0,5 mm | O12: 0.5 | P12: - | Q12: N2-2/ID:0,5mm | S12: Well Head | U12: FCV409 | W12: Flex PA 3 mm | X12: 1.8
A13: North | B13: N2 | C13: Pipe Rack | D13: XOV402 | E13: 2 | F13: N2-2 | G13: Drilled Plug | H13: Pipe Rack - Drilled Plug | I13: 24.4 | J13: -7.5 | K13: 0.57 | L13: 2 | M13: N2-2-2 | N13: Pierced cap 1 mm | O13: 1 | P13: - | Q13: N2-2/ID:1mm | S13: Flare (6,5 m) | U13: FCV410 | W13: Flex PA 4 mm | X13: 2.7
A14: North | B14: N2 | C14: Pipe Rack | D14: XOV402 | E14: 2 | F14: N2-2 | G14: Drilled Plug | H14: Pipe Rack - Drilled Plug | I14: 24.4 | J14: -7.5 | K14: 0.57 | L14: 3 | M14: N2-2-3 | N14: Pierced cap 1,5 mm | O14: 1.5 | P14: - | Q14: N2-2/ID:1,5mm | S14: Fixed Point 1 | U14: FCV411 | W14: Flex PA 6 mm | X14: 4
A15: North | B15: N2 | C15: Pipe Rack | D15: XOV402 | E15: 2 | F15: N2-2 | G15: Drilled Plug | H15: Pipe Rack - Drilled Plug | I15: 24.4 | J15: -7.5 | K15: 0.57 | L15: 4 | M15: N2-2-4 | N15: Pierced cap 2 mm | O15: 2 | P15: - | Q15: N2-2/ID:2mm | S15: Fixed Point 2 | U15: FCV005/010 | W15: Flex PA 8 mm | X15: 6
A16: North | B16: N2 | C16: Pipe Rack | D16: XOV402 | E16: 2 | F16: N2-2 | G16: Drilled Plug | H16: Pipe Rack - Drilled Plug | I16: 24.4 | J16: -7.5 | K16: 0.57 | L16: 5 | M16: N2-2-5 | N16: Pierced cap 2,5 mm | O16: 2.5 | P16: - | Q16: N2-2/ID:2,5mm | U16: FCV020 | W16: Flex PA 10 mm | X16: 8
A17: North | B17: N2 | C17: Pipe Rack | D17: XOV402 | E17: 2 | F17: N2-2 | G17: Drilled Plug | H17: Pipe Rack - Drilled Plug | I17: 24.4 | J17: -7.5 | K17: 0.57 | L17: 6 | M17: N2-2-6 | N17: Pierced cap 3 mm | O17: 3 | P17: - | Q17: N2-2/ID:3mm | U17: FCV010/XOV402 | W17: Flex PA 12 mm | X17: 10
A18: North | B18: N2 | C18: Pipe Rack | D18: XOV402 | E18: 2 | F18: N2-2 | G18: Drilled Plug | H18: Pipe Rack - Drilled Plug | I18: 24.4 | J18: -7.5 | K18: 0.57 | L18: 7 | M18: N2-2-7 | N18: Pierced cap 4 mm | O18: 4 | P18: - | Q18: N2-2/ID:4mm | W18: Tubing 6 mm | X18: 4
A19: North | B19: N2 | C19: Pipe Rack | D19: XOV402 | E19: 2 | F19: N2-2 | G19: Drilled Plug | H19: Pipe Rack - Drilled Plug | I19: 24.4 | J19: -7.5 | K19: 0.57 | L19: 8 | M19: N2-2-8 | N19: Pierced cap 5 mm | O19: 5 | P19: - | Q19: N2-2/ID:5mm | W19: Tubing 8 mm | X19: 6
A20: North | B20: N2 | C20: Pipe Rack | D20: FCV403A/B | E20: 3 | F20: N2-3 | G20: Corroded Pipe | H20: Pipe Rack - Corroded Pipe | I20: 24.4 | J20: -7.7 | K20: 0.57 | L20: 1 | M20: N2-3-1 | N20: Hole 10 mm | O20: 10 | P20: - | Q20: N2-3/ID:10mm | W20: Tubing 10 mm | X20: 8
A21: North | B21: N2 | C21: Pipe Rack | D21: FCV403A/B | E21: 4 | F21: N2-4 | G21: Drilled Plug | H21: Pipe Rack - Drilled Plug | I21: 24.4 | J21: -7.5 | K21: 0.57 | L21: 1 | M21: N2-4-1 | N21: Pierced cap 0,5 mm | O21: 0.5 | P21: - | Q21: N2-4/ID:0,5mm | W21: Tubing 3/4" | X21: 15.75
A22: North | B22: N2 | C22: Pipe Rack | D22: FCV403A/B | E22: 4 | F22: N2-4 | G22: Drilled Plug | H22: Pipe Rack - Drilled Plug | I22: 24.4 | J22: -7.5 | K22: 0.57 | L22: 2 | M22: N2-4-2 | N22: Pierced cap 1 mm | O22: 1 | P22: - | Q22: N2-4/ID:1mm | W22: Tubing 1" | X22: 22.1
A23: North | B23: N2 | C23: Pipe Rack | D23: FCV403A/B | E23: 4 | F23: N2-4 | G23: Drilled Plug | H23: Pipe Rack - Drilled Plug | I23: 24.4 | J23: -7.5 | K23: 0.57 | L23: 3 | M23: N2-4-3 | N23: Pierced cap 1,5 mm | O23: 1.5 | P23: - | Q23: N2-4/ID:1,5mm | W23: Piping 1" | X23: 26.6
A24: North | B24: N2 | C24: Pipe Rack | D24: FCV403A/B | E24: 4 | F24: N2-4 | G24: Drilled Plug | H24: Pipe Rack - Drilled Plug | I24: 24.4 | J24: -7.5 | K24: 0.57 | L24: 4 | M24: N2-4-4 | N24: Pierced cap 2 mm | O24: 2 | P24: - | Q24: N2-4/ID:2mm | W24: Piping 2" | X24: 52.5
A25: North | B25: N2 | C25: Pipe Rack | D25: FCV403A/B | E25: 4 | F25: N2-4 | G25: Drilled Plug | H25: Pipe Rack - Drilled Plug | I25: 24.4 | J25: -7.5 | K25: 0.57 | L25: 5 | M25: N2-4-5 | N25: Pierced cap 2,5 mm | O25: 2.5 | P25: - | Q25: N2-4/ID:2,5mm | W25: Piping 3" | X25: 77.9
A26: North | B26: N2 | C26: Pipe Rack | D26: FCV403A/B | E26: 4 | F26: N2-4 | G26: Drilled Plug | H26: Pipe Rack - Drilled Plug | I26: 24.4 | J26: -7.5 | K26: 0.57 | L26: 6 | M26: N2-4-6 | N26: Pierced cap 3 mm | O26: 3 | P26: - | Q26: N2-4/ID:3mm | W26: Piping 4" | X26: 102.3
A27: North | B27: N2 | C27: Pipe Rack | D27: FCV403A/B | E27: 4 | F27: N2-4 | G27: Drilled Plug | H27: Pipe Rack - Drilled Plug | I27: 24.4 | J27: -7.5 | K27: 0.57 | L27: 7 | M27: N2-4-7 | N27: Pierced cap 4 mm | O27: 4 | P27: - | Q27: N2-4/ID:4mm
A28: North | B28: N2 | C28: Pipe Rack | D28: FCV403A/B | E28: 4 | F28: N2-4 | G28: Drilled Plug | H28: Pipe Rack - Drilled Plug | I28: 24.4 | J28: -7.5 | K28: 0.57 | L28: 8 | M28: N2-4-8 | N28: Pierced cap 5 mm | O28: 5 | P28: - | Q28: N2-4/ID:5mm
A29: North | B29: N3 | C29: Mobile Valves 3 | D29: FCV403A | E29: 1 | F29: N3-1 | G29: Drilled Plug | H29: Mobile Valves 3 - Drilled Plug | I29: - | J29: - | K29: 0.64 | L29: 1 | M29: N3-1-1 | N29: Pierced cap 0,5 mm | O29: 0.5 | P29: - | Q29: N3-1/ID:0,5mm
A30: North | B30: N3 | C30: Mobile Valves 3 | D30: FCV403A | E30: 1 | F30: N3-1 | G30: Drilled Plug | H30: Mobile Valves 3 - Drilled Plug | I30: - | J30: - | K30: 0.64 | L30: 2 | M30: N3-1-2 | N30: Pierced cap 1 mm | O30: 1 | P30: - | Q30: N3-1/ID:1mm
A31: North | B31: N3 | C31: Mobile Valves 3 | D31: FCV403A | E31: 1 | F31: N3-1 | G31: Drilled Plug | H31: Mobile Valves 3 - Drilled Plug | I31: - | J31: - | K31: 0.64 | L31: 3 | M31: N3-1-3 | N31: Pierced cap 1,5 mm | O31: 1.5 | P31: - | Q31: N3-1/ID:1,5mm
A32: North | B32: N3 | C32: Mobile Valves 3 | D32: FCV403A | E32: 1 | F32: N3-1 | G32: Drilled Plug | H32: Mobile Valves 3 - Drilled Plug | I32: - | J32: - | K32: 0.64 | L32: 4 | M32: N3-1-4 | N32: Pierced cap 2 mm | O32: 2 | P32: - | Q32: N3-1/ID:2mm
A33: North | B33: N3 | C33: Mobile Valves 3 | D33: FCV403A | E33: 1 | F33: N3-1 | G33: Drilled Plug | H33: Mobile Valves 3 - Drilled Plug | I33: - | J33: - | K33: 0.64 | L33: 5 | M33: N3-1-5 | N33: Pierced cap 2,5 mm | O33: 2.5 | P33: - | Q33: N3-1/ID:2,5mm
A34: North | B34: N3 | C34: Mobile Valves 3 | D34: FCV403A | E34: 1 | F34: N3-1 | G34: Drilled Plug | H34: Mobile Valves 3 - Drilled Plug | I34: - | J34: - | K34: 0.64 | L34: 6 | M34: N3-1-6 | N34: Pierced cap 3 mm | O34: 3 | P34: - | Q34: N3-1/ID:3mm
A35: North | B35: N3 | C35: Mobile Valves 3 | D35: FCV403A | E35: 1 | F35: N3-1 | G35: Drilled Plug | H35: Mobile Valves 3 - Drilled Plug | I35: - | J35: - | K35: 0.64 | L35: 7 | M35: N3-1-7 | N35: Pierced cap 4 mm | O35: 4 | P35: - | Q35: N3-1/ID:4mm
A36: North | B36: N3 | C36: Mobile Valves 3 | D36: FCV403A | E36: 1 | F36: N3-1 | G36: Drilled Plug | H36: Mobile Valves 3 - Drilled Plug | I36: - | J36: - | K36: 0.64 | L36: 8 | M36: N3-1-8 | N36: Pierced cap 5 mm | O36: 5 | P36: - | Q36: N3-1/ID:5mm
A37: North | B37: N3 | C37: Mobile Valves 3 | D37: FCV403A | E37: 2 | F37: N3-2 | G37: Mobile flange | H37: Mobile Valves 3 - Mobile flange | I37: - | J37: - | K37: - | L37: 1 | M37: N3-2-1 | N37: Flange space - | O37: - | P37: - | Q37: N3-2/ID:-mm
A38: North | B38: N3 | C38: Mobile Valves 3 | D38: FCV403B | E38: 3 | F38: N3-3 | G38: Drilled Plug | H38: Mobile Valves 3 - Drilled Plug | I38: - | J38: - | K38: 0.55 | L38: 1 | M38: N3-3-1 | N38: Pierced cap 0,5 mm | O38: 0.5 | P38: - | Q38: N3-3/ID:0,5mm
A39: North | B39: N3 | C39: Mobile Valves 3 | D39: FCV403B | E39: 3 | F39: N3-3 | G39: Drilled Plug | H39: Mobile Valves 3 - Drilled Plug | I39: - | J39: - | K39: 0.55 | L39: 2 | M39: N3-3-2 | N39: Pierced cap 1 mm | O39: 1 | P39: - | Q39: N3-3/ID:1mm
A40: North | B40: N3 | C40: Mobile Valves 3 | D40: FCV403B | E40: 3 | F40: N3-3 | G40: Drilled Plug | H40: Mobile Valves 3 - Drilled Plug | I40: - | J40: - | K40: 0.55 | L40: 3 | M40: N3-3-3 | N40: Pierced cap 1,5 mm | O40: 1.5 | P40: - | Q40: N3-3/ID:1,5mm
A41: North | B41: N3 | C41: Mobile Valves 3 | D41: FCV403B | E41: 3 | F41: N3-3 | G41: Drilled Plug | H41: Mobile Valves 3 - Drilled Plug | I41: - | J41: - | K41: 0.55 | L41: 4 | M41: N3-3-4 | N41: Pierced cap 2 mm | O41: 2 | P41: - | Q41: N3-3/ID:2mm
A42: North | B42: N3 | C42: Mobile Valves 3 | D42: FCV403B | E42: 3 | F42: N3-3 | G42: Drilled Plug | H42: Mobile Valves 3 - Drilled Plug | I42: - | J42: - | K42: 0.55 | L42: 5 | M42: N3-3-5 | N42: Pierced cap 2,5 mm | O42: 2.5 | P42: - | Q42: N3-3/ID:2,5mm
A43: North | B43: N3 | C43: Mobile Valves 3 | D43: FCV403B | E43: 3 | F43: N3-3 | G43: Drilled Plug | H43: Mobile Valves 3 - Drilled Plug | I43: - | J43: - | K43: 0.55 | L43: 6 | M43: N3-3-6 | N43: Pierced cap 3 mm | O43: 3 | P43: - | Q43: N3-3/ID:3mm
A44: North | B44: N3 | C44: Mobile Valves 3 | D44: FCV403B | E44: 3 | F44: N3-3 | G44: Drilled Plug | H44: Mobile Valves 3 - Drilled Plug | I44: - | J44: - | K44: 0.55 | L44: 7 | M44: N3-3-7 | N44: Pierced cap 4 mm | O44: 4 | P44: - | Q44: N3-3/ID:4mm
A45: North | B45: N3 | C45: Mobile Valves 3 | D45: FCV403B | E45: 3 | F45: N3-3 | G45: Drilled Plug | H45: Mobile Valves 3 - Drilled Plug | I45: - | J45: - | K45: 0.55 | L45: 8 | M45: N3-3-8 | N45: Pierced cap 5 mm | O45: 5 | P45: - | Q45: N3-3/ID:5mm
A46: North | B46: N3 | C46: Mobile Valves 3 | D46: FCV403B | E46: 4 | F46: N3-4 | G46: Mobile flange | H46: Mobile Valves 3 - Mobile flange | I46: - | J46: - | K46: - | L46: 1 | M46: N3-4-1 | N46: Flange space - | O46: - | P46: - | Q46: N3-4/ID:-mm
A47: North | B47: N4 | C47: Large Tank D1 | D47: FCV404 | E47: 1 | F47: N4-1 | G47: Man hole | H47: Large Tank D1 - Man hole | I47: 10.3 | J47: -8.1 | K47: 3 | L47: 1 | M47: N4-1-1 | N47: Flex PA 4 mm | O47: 2.7 | P47: Green | Q47: N4-1/ID:2,7mm
A48: North | B48: N4 | C48: Large Tank D1 | D48: FCV404 | E48: 1 | F48: N4-1 | G48: Man hole | H48: Large Tank D1 - Man hole | I48: 10.3 | J48: -8.1 | K48: 3 | L48: 2 | M48: N4-1-2 | N48: Flex PA 6 mm | O48: 4 | P48: Red | Q48: N4-1/ID:4mm
A49: North | B49: N4 | C49: Large Tank D1 | D49: FCV404 | E49: 1 | F49: N4-1 | G49: Man hole | H49: Large Tank D1 - Man hole | I49: 10.3 | J49: -8.1 | K49: 3 | L49: 3 | M49: N4-1-3 | N49: Flex PA 8 mm | O49: 6 | P49: Yellow | Q49: N4-1/ID:6mm
A50: North | B50: N4 | C50: Large Tank D1 | D50: FCV404 | E50: 1 | F50: N4-1 | G50: Man hole | H50: Large Tank D1 - Man hole | I50: 10.3 | J50: -8.1 | K50: 3 | L50: 4 | M50: N4-1-4 | N50: Flex PA 10 mm | O50: 8 | P50: Blue | Q50: N4-1/ID:8mm
A51: North | B51: N4 | C51: Large Tank D1 | D51: FCV404 | E51: 1 | F51: N4-1 | G51: Man hole | H51: Large Tank D1 - Man hole | I51: 10.3 | J51: -8.1 | K51: 3 | L51: 5 | M51: N4-1-5 | N51: Flex PA 12 mm | O51: 10 | P51: Blue | Q51: N4-1/ID:10mm
A52: North | B52: N4 | C52: Large Tank D1 | D52: FCV404 | E52: 2 | F52: N4-2 | G52: Flange | H52: Large Tank D1 - Flange | I52: 10.7 | J52: -10.9 | K52: 3 | L52: 1 | M52: N4-2-1 | N52: Flex PA 4 mm | O52: 2.7 | P52: Green | Q52: N4-2/ID:2,7mm
A53: North | B53: N4 | C53: Large Tank D1 | D53: FCV404 | E53: 2 | F53: N4-2 | G53: Flange | H53: Large Tank D1 - Flange | I53: 10.7 | J53: -10.9 | K53: 3 | L53: 2 | M53: N4-2-2 | N53: Flex PA 6 mm | O53: 4 | P53: Red | Q53: N4-2/ID:4mm
A54: North | B54: N4 | C54: Large Tank D1 | D54: FCV404 | E54: 2 | F54: N4-2 | G54: Flange | H54: Large Tank D1 - Flange | I54: 10.7 | J54: -10.9 | K54: 3 | L54: 3 | M54: N4-2-3 | N54: Flex PA 8 mm | O54: 6 | P54: Yellow | Q54: N4-2/ID:6mm
A55: North | B55: N4 | C55: Large Tank D1 | D55: FCV404 | E55: 2 | F55: N4-2 | G55: Flange | H55: Large Tank D1 - Flange | I55: 10.7 | J55: -10.9 | K55: 3 | L55: 4 | M55: N4-2-4 | N55: Flex PA 10 mm | O55: 8 | P55: Blue | Q55: N4-2/ID:8mm
A56: North | B56: N4 | C56: Large Tank D1 | D56: FCV404 | E56: 2 | F56: N4-2 | G56: Flange | H56: Large Tank D1 - Flange | I56: 10.7 | J56: -10.9 | K56: 3 | L56: 5 | M56: N4-2-5 | N56: Flex PA 12 mm | O56: 10 | P56: Blue | Q56: N4-2/ID:10mm
A57: North | B57: N4 | C57: Large Tank D1 | D57: FCV404 | E57: 3 | F57: N4-3 | G57: Valve | H57: Large Tank D1 - Valve | I57: 10 | J57: -11.7 | K57: 0.5 | L57: 1 | M57: N4-3-1 | N57: Flex PA 3 mm | O57: 1.8 | P57: Translucent | Q57: N4-3/ID:1,8mm
A58: North | B58: N4 | C58: Large Tank D1 | D58: FCV404 | E58: 3 | F58: N4-3 | G58: Valve | H58: Large Tank D1 - Valve | I58: 10 | J58: -11.7 | K58: 0.5 | L58: 2 | M58: N4-3-2 | N58: Flex PA 4 mm | O58: 2.7 | P58: Green | Q58: N4-3/ID:2,7mm
... A137: South | B137: S2V | C137: Fixed Point 2 | D137: FCV020 | E137: 3 | F137: S2V-3 | G137: High Vertical piping | H137: Fixed Point 2 - High Vertical piping | I137: 21.7 | J137: -39.5 | K137: 2.37 | L137: 4 | M137: S2V-3-4 | N137: Piping 3" | O137: 77.9 | P137: - | Q137: S2V-3/ID:77,9mm
A138: South | G138: Purge | I138: 10 | J138: -45 | K138: 2

Sheet Statistics
A1: Code couleur des tests
A2: Manque d'information | D2: Conditions adaptées
A3: Non détecté | D3: Débit | E3: >1 g/s
A4: Localisé | D4: Zone
A5: Détecté | D5: Multifuites | E5: NON
A6: Emerge | D6: Purges | E6: NON
A8: GLOBAL
A9: Total | B9: =COUNT(Tests!C$4:C989) -> 2259 | E9: Conditions adaptées | I9: Détection | M9: Localisation | Q9: Nord | S9: Sud | W9: 0-1 (g/s) | Y9: 1-10 (g/s) | AA9: 10+ (g/s) | AD9: Erreur | AE9: Nord | AF9: Sud
A10: Purges | B10: =IFERROR(__xludf.DUMMYFUNCTION("COUNT(FILTER(Tests!C$4:C989, FIND(""TADI's purge"", Tests!P$4:P989)))"),175.0) -> 175 | E10: Test | F10: % | I10: Test | J10: % | M10: Test | N10: % | Q10: Test | R10: % | S10: Test | T10: % | W10: Test | X10: % | Y10: Test | Z10: % | AA10: Test | AB10: % | AD10: Localisés | AE10: =IFERROR(__xludf.DUMMYFUNCTION("COUNT(FILTER(Tests!C$4:C989, Tests!BW$4:BW989>0, Tests!N$4:N989=""North""))"),467.0) -> 467 | AF10: =IFERROR(__xludf.DUMMYFUNCTION("COUNT(FILTER(Tests!C$4:C989, Tests!BW$4:BW989>0, Tests!N$4:N989=""South""))"),227.0) -> 227
D11: Détectés | E11: =IFERROR(__xludf.DUMMYFUNCTION("COUNT(FILTER(Tests!C$4:C989, Tests!BS$4:BS989>0, Tests!U$4:U989>=1, Tests!AU$4:AU989=""N"", Tests!N$4:N989=""North""))"),398.0) -> 398 | F11: =E11/E13 -> 0.52162516 | H11: Détectés | I11: =IFERROR(__xludf.DUMMYFUNCTION("COUNT(FILTER(Tests!C$4:C989, Tests!BS$4:BS989>0))"),971.0) -> 971 | J11: =I11/I13 -> 0.4595362 | L11: Localisés | M11: =IFERROR(__xludf.DUMMYFUNCTION("COUNT(FILTER(Tests!C$4:C989, Tests!BS$4:BS989>0, Tests!BW$4:BW989>0))"),674.0) -> 674 | N11: =M11/M13 -> 0.69484536 | P11: Détectés | Q11: =IFERROR(__xludf.DUMMYFUNCTION("COUNT(FILTER(Tests!C$4:C989, Tests!BS$4:BS989>0, Tests!N$4:N989=""North""))"),654.0) -> 654 | R11: =Q11/Q13 -> 0.48769575 | S11: =IFERROR(__xludf.DUMMYFUNCTION("COUNT(FILTER(Tests!C$4:C989, Tests!BS$4:BS989>0, Tests!N$4:N989=""South""))"),314.0) -> 314 | T11: =S11/S13 -> 0.45906433 | V11: Détectés | W11: =IFERROR(__xludf.DUMMYFUNCTION("COUNT(FILTER(Tests!C$4:C989, Tests!BS$4:BS989>0, Tests!U$4:U989<1))"),207.0) -> 207 | X11: =W11/W13 -> 0.345 | Y11: =IFERROR(__xludf.DUMMYFUNCTION("COUNT(FILTER(Tests!C$4:C989, Tests!BS$4:BS989>0, Tests!U$4:U989>=1, Tests!U$4:U989<10))"),578.0) -> 578 | Z11: =Y11/Y13 -> 0.49956785 | AA11: =IFERROR(__xludf.DUMMYFUNCTION("COUNT(FILTER(Tests!C$4:C989, Tests!BS$4:BS989>0, Tests!U$4:U989>=10))"),186.0) -> 186 | AB11: =AA11/AA13 -> 0.44711538 | AD11: Moyenne (m) | AE11: =IFERROR(__xludf.DUMMYFUNCTION("AVERAGE(FILTER(Tests!$BY$4:$BY989, Tests!$BW$4:$BW989>0, Tests!$N$4:$N989=""North""))"),11.171644797227279) -> 11.171645 | AF11: =IFERROR(__xludf.DUMMYFUNCTION("AVERAGE(FILTER(Tests!$BY$4:$BY989, Tests!$BW$4:$BW989>0, Tests!$N$4:$N989=""South""))"),16.522700849237197) -> 16.522701
D12: Non détectés | E12: =IFERROR(__xludf.DUMMYFUNCTION("COUNT(FILTER(Tests!C$4:C989, Tests!BS$4:BS989=0, Tests!U$4:U989>=1, Tests!AU$4:AU989=""N"", Tests!N$4:N989=""North""))"),365.0) -> 365 | F12: =E12/E13 -> 0.47837484 | H12: Non détectés | I12: =IFERROR(__xludf.DUMMYFUNCTION("COUNT(FILTER(Tests!C$4:C989, Tests!BS$4:BS989=0, Tests!BS$4:BS989<>""""))"),1142.0) -> 1142 | J12: =I12/I13 -> 0.5404638 | L12: Non localisés | M12: =IFERROR(__xludf.DUMMYFUNCTION("COUNT(FILTER(Tests!C$4:C989, Tests!BS$4:BS989>0, Tests!BW$4:BW989=""""))"),296.0) -> 296 | N12: =M12/M13 -> 0.30515464 | P12: Non détectés | Q12: =IFERROR(__xludf.DUMMYFUNCTION("COUNT(FILTER(Tests!C$4:C989, Tests!BS$4:BS989=0, Tests!BS$4:BS989<>"""", Tests!N$4:N989=""North""))"),687.0) -> 687 | R12: =Q12/Q13 -> 0.51230425 | S12: =IFERROR(__xludf.DUMMYFUNCTION("COUNT(FILTER(Tests!C$4:C989, Tests!BS$4:BS989=0, Tests!BS$4:BS989<>"""", Tests!N$4:N989=""South""))"),370.0) -> 370 | T12: =S12/S13 -> 0.54093567 | V12: Non détectés | W12: =IFERROR(__xludf.DUMMYFUNCTION("COUNT(FILTER(Tests!C$4:C989, Tests!BS$4:BS989=0, Tests!BS$4:BS989<>"""", Tests!U$4:U989<1))"),393.0) -> 393 | X12: =W12/W13 -> 0.655 | Y12: =IFERROR(__xludf.DUMMYFUNCTION("COUNT(FILTER(Tests!C$4:C989, Tests!BS$4:BS989=0, Tests!U$4:U989>=1, Tests!U$4:U989<10))"),579.0) -> 579 | Z12: =Y12/Y13 -> 0.50043215 | AA12: =IFERROR(__xludf.DUMMYFUNCTION("COUNT(FILTER(Tests!C$4:C989, Tests!BS$4:BS989=0, Tests!BS$4:BS989<>"""", Tests!U$4:U989>=10))"),230.0) -> 230 | AB12: =AA12/AA13 -> 0.55288462 | AD12: Médiane (m) | AE12: =IFERROR(__xludf.DUMMYFUNCTION("MEDIAN(FILTER(Tests!BY$4:BY989, Tests!BW$4:BW989>0, Tests!N$4:N989=""North""))"),8.80017641102833) -> 8.8001764 | AF12: =IFERROR(__xludf.DUMMYFUNCTION("MEDIAN(FILTER(Tests!BY$4:BY989, Tests!BW$4:BW989>0, Tests!N$4:N989=""South""))"),13.50408751514879) -> 13.504088
D13: Total | E13: =SUM(E11:E12) -> 763 | H13: Total | I13: =SUM(I11:I12) -> 2113 | L13: Total | M13: =M11+M12 -> 970 | P13: Total | Q13: =Q11+Q12 -> 1341 | S13: =S11+S12 -> 684 | V13: Total | W13: =W11+W12 -> 600 | Y13: =Y11+Y12 -> 1157 | AA13: =AA11+AA12 -> 416 | AD13: Maximum (m) | AE13: =IFERROR(__xludf.DUMMYFUNCTION("MAX(FILTER(Tests!BY$4:BY989, Tests!BW$4:BW989>0, Tests!N$4:N989=""North""))"),45.15152267642809) -> 45.151523 | AF13: =IFERROR(__xludf.DUMMYFUNCTION("MAX(FILTER(Tests!BY$4:BY989, Tests!BW$4:BW989>0, Tests!N$4:N989=""South""))"),50.307554104726655) -> 50.307554
D14: Non adaptés | E14: =B9-E13 -> 1496 | H14: Non renseignés | I14: =B9-I13 -> 146 | AD14: Minimum (m) | AE14: =IFERROR(__xludf.DUMMYFUNCTION("MIN(FILTER(Tests!BY$4:BY989, Tests!BW$4:BW989>0, Tests!N$4:N989=""North""))"),0.2699999999999996) -> 0.27 | AF14: =IFERROR(__xludf.DUMMYFUNCTION("MIN(FILTER(Tests!BY$4:BY989, Tests!BW$4:BW989>0, Tests!N$4:N989=""South""))"),0.5099019513592787) -> 0.50990195
A17: Tests
A18: Date début | B18: 45292 | E18: Q>1 & Fuite unique | I18: Détection | M18: Localisation | Q18: Nord | S18: Sud | W18: 0-1 (g/s) | Y18: 1-10 (g/s) | AA18: 10+ (g/s) | AD18: Erreur | AE18: Nord | AF18: Sud | AH18: Distance mini | AI18: Nord | AJ18: Sud
A19: Date fin | B19: 45657 | E19: Test | F19: % | I19: Test | J19: % | M19: Test | N19: % | Q19: Test | R19: % | S19: Test | T19: % | W19: Test | X19: % | Y19: Test | Z19: % | AA19: Test | AB19: % | AD19: Localisés | AE19: =IFERROR(__xludf.DUMMYFUNCTION("COUNT(FILTER(Tests!C$4:C989, Tests!C$4:C989>=B18, Tests!C$4:C989<=B19, Tests!BW$4:BW989>0, Tests!N$4:N989=""North""))"),159.0) -> 159 | AF19: =IFERROR(__xludf.DUMMYFUNCTION("COUNT(FILTER(Tests!C$4:C989, Tests!C$4:C989>=B18, Tests!C$4:C989<=$B$19, Tests!BW$4:BW989>0, Tests!N$4:N989=""South""))"),116.0) -> 116 | AH19: Localisés | AI19: =IFERROR(__xludf.DUMMYFUNCTION("COUNT(FILTER(Tests!C$4:C989, Tests!C$4:C989>=B18, Tests!C$4:C989<=B19, Tests!BW$4:BW989>0, Tests!N$4:N989=""North""))"),159.0) -> 159 | AJ19: =IFERROR(__xludf.DUMMYFUNCTION("COUNT(FILTER(Tests!C$4:C989, Tests!C$4:C989>=B18, Tests!C$4:C989<=B19, Tests!BW$4:BW989>0, Tests!N$4:N989=""South""))"),116.0) -> 116
A20: Total | B20: =IFERROR(__xludf.DUMMYFUNCTION("COUNT(FILTER(Tests!C$4:C989, Tests!C$4:C989>=$B18, Tests!C$4:C989<=$B19))"),526.0) -> 526 | D20: Détectés | E20: =IFERROR(__xludf.DUMMYFUNCTION("COUNT(FILTER(Tests!C$4:C989, Tests!C$4:C989>=$B18, Tests!C$4:C989<=$B19, Tests!BS$4:BS989>0, Tests!U$4:U989>=1, Tests!AU$4:AU989<>""Y""))"),144.0) -> 144 | F20: =E20/E22 -> 0.59751037 | H20: Détectés | I20: =IFERROR(__xludf.DUMMYFUNCTION("COUNT(FILTER(Tests!C$4:C989, Tests!C$4:C989>=$B18, Tests!C$4:C989<=$B19, Tests!BS$4:BS989>0))"),276.0) -> 276 | J20: =I20/I22 -> 0.52571429 | L20: Localisés | M20: =IFERROR(__xludf.DUMMYFUNCTION("COUNT(FILTER(Tests!C$4:C989, Tests!C$4:C989>=B18, Tests!C$4:C989<=B19, Tests!BS$4:BS989>0, Tests!BW$4:BW989>0))"),276.0) -> 276 | N20: =M20/M22 -> 1 | P20: Détectés | Q20: =IFERROR(__xludf.DUMMYFUNCTION("COUNT(FILTER(Tests!C$4:C989, Tests!C$4:C989>=$B18, Tests!C$4:C989<=$B19, Tests!BS$4:BS989>0, Tests!N$4:N989=""North""))"),158.0) -> 158 | R20: =Q20/Q22 -> 0.48765432 | S20: =IFERROR(__xludf.DUMMYFUNCTION("COUNT(FILTER(Tests!C$4:C989, Tests!C$4:C989>=$B18, Tests!C$4:C989<=$B19, Tests!BS$4:BS989>0, Tests!N$4:N989=""South""))"),115.0) -> 115 | T20: =S20/S22 -> 0.58375635 | V20: Détectés | W20: =IFERROR(__xludf.DUMMYFUNCTION("COUNT(FILTER(Tests!C$4:C989, Tests!C$4:C989>=$B18, Tests!C$4:C989<=$B19, Tests!BS$4:BS989>0, Tests!AT$4:AT989=""0-1""))"),41.0) -> 41 | X20: =W20/W22 -> 0.31538462 | Y20: =IFERROR(__xludf.DUMMYFUNCTION("COUNT(FILTER(Tests!C$4:C989, Tests!C$4:C989>=$B18, Tests!C$4:C989<=$B19, Tests!BS$4:BS989>0, Tests!AT$4:AT989=""1-10""))"),110.0) -> 110 | Z20: =Y20/Y22 -> 0.6626506 | AA20: =IFERROR(__xludf.DUMMYFUNCTION("COUNT(FILTER(Tests!C$4:C989, Tests!C$4:C989>=$B18, Tests!C$4:C989<=$B19, Tests!BS$4:BS989>0, Tests!AT$4:AT989=""10+""))"),14.0) -> 14 | AB20: =AA20/AA22 -> 0.58333333 | AD20: Moyenne (m) | AE20: =IFERROR(__xludf.DUMMYFUNCTION("AVERAGE(FILTER(Tests!$BY$4:$BY989, Tests!$C$4:$C989>=$B$18, Tests!$C$4:$C989<=$B$19, Tests!$BW$4:$BW989>0, Tests!$N$4:$N989=""North""))"),15.756257124725217) -> 15.756257 | AF20: =IFERROR(__xludf.DUMMYFUNCTION("AVERAGE(FILTER(Tests!$BY$4:$BY989, Tests!$C$4:$C989>=$B$18, Tests!$C$4:$C989<=$B$19, Tests!$BW$4:$BW989>0, Tests!$N$4:$N989=""South""))"),16.552055020915496) -> 16.552055 | AH20: Maximum (m) | AI20: =IFERROR(__xludf.DUMMYFUNCTION("MIN(FILTER(Tests!$BT$4:$BT989, Tests!$C$4:$C989>=$B$18, Tests!$C$4:$C989<=$B$19, Tests!$BW$4:$BW989>0, Tests!$N$4:$N989=""North""))"),0.0) -> 0 | AJ20: =IFERROR(__xludf.DUMMYFUNCTION("MIN(FILTER(Tests!$BT$4:$BT989, Tests!$C$4:$C989>=$B$18, Tests!$C$4:$C989<=$B$19, Tests!$BW$4:$BW989>0, Tests!$N$4:$N989=""South""))"),0.0) -> 0
A21: Purges | B21: =IFERROR(__xludf.DUMMYFUNCTION("COUNT(FILTER(Tests!C$4:C989, Tests!C$4:C989>=$B18, Tests!C$4:C989<=$B19, FIND(""TADI's purge"", Tests!P$4:P989)))"),56.0) -> 56 | D21: Non détectés | E21: =IFERROR(__xludf.DUMMYFUNCTION("COUNT(FILTER(Tests!C$4:C989, Tests!C$4:C989>=$B18, Tests!C$4:C989<=$B19, Tests!BS$4:BS989=0, Tests!BS$4:BS989<>"""", Tests!U$4:U989>=1, Tests!AU$4:AU989<>""Y""))"),97.0) -> 97 | F21: =E21/E22 -> 0.40248963 | H21: Non détectés | I21: =IFERROR(__xludf.DUMMYFUNCTION("COUNT(FILTER(Tests!C$4:C989, Tests!C$4:C989>=$B18, Tests!C$4:C989<=$B19, Tests!BS$4:BS989=0, Tests!BS$4:BS989<>""""))"),249.0) -> 249 | J21: =I21/I22 -> 0.47428571 | L21: Non localisés | M21: =IFERROR(__xludf.DUMMYFUNCTION("COUNT(FILTER(Tests!C$4:C989, Tests!C$4:C989>=B18, Tests!C$4:C989<=B19, Tests!BS$4:BS989>0, Tests!BW$4:BW989=""""))"),0.0) -> 0 | N21: =M21/M22 -> 0 | P21: Non détectés | Q21: =IFERROR(__xludf.DUMMYFUNCTION("COUNT(FILTER(Tests!C$4:C989, Tests!C$4:C989>=$B18, Tests!C$4:C989<=$B19, Tests!BS$4:BS989=0, Tests!BS$4:BS989<>"""", Tests!N$4:N989=""North""))"),166.0) -> 166 | R21: =Q21/Q22 -> 0.51234568 | S21: =IFERROR(__xludf.DUMMYFUNCTION("COUNT(FILTER(Tests!C$4:C989, Tests!C$4:C989>=$B18, Tests!C$4:C989<=$B19, Tests!BS$4:BS989=0, Tests!BS$4:BS989<>"""", Tests!N$4:N989=""South""))"),82.0) -> 82 | T21: =S21/S22 -> 0.41624365 | V21: Non détectés | W21: =IFERROR(__xludf.DUMMYFUNCTION("COUNT(FILTER(Tests!C$4:C989, Tests!C$4:C989>=$B18, Tests!C$4:C989<=$B19, Tests!BS$4:BS989=0, Tests!BS$4:BS989<>"""", Tests!AT$4:AT989=""0-1""))"),89.0) -> 89 | X21: =W21/W22 -> 0.68461538 | Y21: =IFERROR(__xludf.DUMMYFUNCTION("COUNT(FILTER(Tests!C$4:C989, Tests!C$4:C989>=$B18, Tests!C$4:C989<=$B19, Tests!BS$4:BS989=0, Tests!BS$4:BS989<>"""", Tests!AT$4:AT989=""1-10""))"),56.0) -> 56 | Z21: =Y21/Y22 -> 0.3373494 | AA21: =IFERROR(__xludf.DUMMYFUNCTION("COUNT(FILTER(Tests!C$4:C989, Tests!C$4:C989>=$B18, Tests!C$4:C989<=$B19, Tests!BS$4:BS989=0, Tests!BS$4:BS989<>"""", Tests!AT$4:AT989=""10+""))"),10.0) -> 10 | AB21: =AA21/AA22 -> 0.41666667 | AD21: Médiane (m) | AE21: =IFERROR(__xludf.DUMMYFUNCTION("MEDIAN(FILTER(Tests!BY$4:BY989, Tests!C$4:C989>=$B$18, Tests!C$4:C989<=$B$19, Tests!BW$4:BW989>0, Tests!N$4:N989=""North""))"),14.207744367069674) -> 14.207744 | AF21: =IFERROR(__xludf.DUMMYFUNCTION("MEDIAN(FILTER(Tests!BY$4:BY989, Tests!C$4:C989>=$B$18, Tests!C$4:C989<=$B$19, Tests!BW$4:BW989>0, Tests!N$4:N989=""South""))"),9.773937244620209) -> 9.7739372 | AH21: Minimum (m) | AI21: =IFERROR(__xludf.DUMMYFUNCTION("MIN(FILTER(Tests!$BS$4:$BS989, Tests!$C$4:$C989>=$B$18, Tests!$C$4:$C989<=$B$19, Tests!$BW$4:$BW989>0, Tests!$N$4:$N989=""North""))"),0.0) -> 0 | AJ21: =IFERROR(__xludf.DUMMYFUNCTION("MIN(FILTER(Tests!$BS$4:$BS989, Tests!$C$4:$C989>=$B$18, Tests!$C$4:$C989<=$B$19, Tests!$BW$4:$BW989>0, Tests!$N$4:$N989=""South""))"),0.0) -> 0
D22: Total | E22: =SUM(E20:E21) -> 241 | H22: Total | I22: =SUM(I20:I21) -> 525 | L22: Total | M22: =M20+M21 -> 276 | P22: Total | Q22: =Q20+Q21 -> 324 | S22: =S20+S21 -> 197 | V22: Total | W22: =W20+W21 -> 130 | Y22: =Y20+Y21 -> 166 | AA22: =AA20+AA21 -> 24 | AD22: Maximum (m) | AE22: =IFERROR(__xludf.DUMMYFUNCTION("MAX(FILTER(Tests!BY$4:BY989, Tests!C$4:C989>=$B$18, Tests!C$4:C989<=$B$19, Tests!BW$4:BW989>0, Tests!N$4:N989=""North""))"),45.15152267642809) -> 45.151523 | AF22: =IFERROR(__xludf.DUMMYFUNCTION("MAX(FILTER(Tests!BY$4:BY989, Tests!C$4:C989>=$B$18, Tests!C$4:C989<=$B$19, Tests!BW$4:BW989>0, Tests!N$4:N989=""South""))"),50.307554104726655) -> 50.307554
D23: Non adaptés | E23: =B$20-E22 -> 285 | H23: Non renseignés | I23: =B20-I22 -> 1 | AD23: Minimum (m) | AE23: =IFERROR(__xludf.DUMMYFUNCTION("MIN(FILTER(Tests!BY$4:BY989, Tests!C$4:C989>=$B$18, Tests!C$4:C989<=$B$19, Tests!BW$4:BW989>0, Tests!N$4:N989=""North""))"),0.9848857801796103) -> 0.98488578 | AF23: =IFERROR(__xludf.DUMMYFUNCTION("MIN(FILTER(Tests!BY$4:BY989, Tests!C$4:C989>=$B$18, Tests!C$4:C989<=$B$19, Tests!BW$4:BW989>0, Tests!N$4:N989=""South""))"),3.0016662039607267) -> 3.0016662
E25: Q>0,5 & Nord & Fuite unique | H25: Temps de détection | M25: Emergence | W25: CH4 | Y25: N2 | AA25: CO2
E26: Test | F26: % | H26: Détectés | I26: =IFERROR(__xludf.DUMMYFUNCTION("COUNT(FILTER(Tests!C$4:C989, Tests!C$4:C989>=$B18, Tests!C$4:C989<=$B19, Tests!BS$4:BS989>0))"),276.0) -> 276 | M26: Test | N26: % | W26: Test | X26: % | Y26: Test | Z26: % | AA26: Test | AB26: %
D27: Détectés | E27: =IFERROR(__xludf.DUMMYFUNCTION("COUNT(FILTER(Tests!C$4:C989, Tests!C$4:C989>=$B18, Tests!C$4:C989<=$B19, Tests!BS$4:BS989>0, Tests!U$4:U989>=1, Tests!AU$4:AU989<>""Y"", Tests!N$4:N989=""North""))"),93.0) -> 93 | F27: =E27/E29 -> 0.65957447 | H27: Moyenne (m) | I27: =IFERROR(__xludf.DUMMYFUNCTION("AVERAGE(FILTER(Tests!$BV$4:$BV989, Tests!$C$4:$C989>=$B$18, Tests!$C$4:$C989<=$B$19, Tests!$BS$4:$BS989>0))"),0.0024690782200110554) -> 0.0024690782 | L27: Mesurée | M27: =IFERROR(__xludf.DUMMYFUNCTION("COUNT(FILTER(Tests!C$4:C989, Tests!C$4:C989>=$B18, Tests!C$4:C989<=$B19, Tests!CK$4:CK989>0))"),250.0) -> 250 | N27: =M27/M29 -> 0.47528517 | V27: Détectés | W27: =IFERROR(__xludf.DUMMYFUNCTION("COUNT(FILTER(Tests!C$4:C989, Tests!C$4:C989>=$B18, Tests!C$4:C989<=$B19, Tests!BS$4:BS989>0, Tests!M$4:M989=""CH4""))"),222.0) -> 222 | X27: =W27/W29 -> 0.51748252 | Y27: =IFERROR(__xludf.DUMMYFUNCTION("COUNT(FILTER(Tests!C$4:C989, Tests!C$4:C989>=$B18, Tests!C$4:C989<=$B19, Tests!BS$4:BS989>0, Tests!M$4:M989=""N2""))"),28.0) -> 28 | Z27: =Y27/Y29 -> 0.58333333 | AA27: =IFERROR(__xludf.DUMMYFUNCTION("COUNT(FILTER(Tests!C$4:C989, Tests!C$4:C989>=$B18, Tests!C$4:C989<=$B19, Tests!BS$4:BS989>0, Tests!M$4:M989=""CO2""))"),13.0) -> 13 | AB27: =AA27/AA29 -> 0.40625
D28: Non détectés | E28: =IFERROR(__xludf.DUMMYFUNCTION("COUNT(FILTER(Tests!C$4:C989, Tests!C$4:C989>=$B18, Tests!C$4:C989<=$B19, Tests!BS$4:BS989=0, Tests!BS$4:BS989<>"""", Tests!U$4:U989>=1, Tests!AU$4:AU989<>""Y"", Tests!N$4:N989=""North""))"),48.0) -> 48 | F28: =E28/E29 -> 0.34042553 | H28: Médiane (m) | I28: =IFERROR(__xludf.DUMMYFUNCTION("MEDIAN(FILTER(Tests!$BV$4:$BV989, Tests!$C$4:$C989>=$B$18, Tests!$C$4:$C989<=$B$19, Tests!$BS$4:$BS989>0))"),6.249999999999867E-4) -> 0.000625 | L28: Non mesurée | M28: =IFERROR(__xludf.DUMMYFUNCTION("COUNT(FILTER(Tests!C$4:C989, Tests!C$4:C989>=$B18, Tests!C$4:C989<=$B19, Tests!CK$4:CK989=0, Tests!CK$4:CK989<>""""))"),276.0) -> 276 | N28: =M28/M29 -> 0.52471483 | V28: Non détectés | W28: =IFERROR(__xludf.DUMMYFUNCTION("COUNT(FILTER(Tests!C$4:C989, Tests!C$4:C989>=$B18, Tests!C$4:C989<=$B19, Tests!BS$4:BS989=0, Tests!BS$4:BS989<>"""", Tests!M$4:M989=""CH4""))"),207.0) -> 207 | X28: =W28/W29 -> 0.48251748 | Y28: =IFERROR(__xludf.DUMMYFUNCTION("COUNT(FILTER(Tests!C$4:C989, Tests!C$4:C989>=$B18, Tests!C$4:C989<=$B19, Tests!BS$4:BS989=0, Tests!BS$4:BS989<>"""", Tests!M$4:M989=""N2""))"),20.0) -> 20 | Z28: =Y28/Y29 -> 0.41666667 | AA28: =IFERROR(__xludf.DUMMYFUNCTION("COUNT(FILTER(Tests!C$4:C989, Tests!C$4:C989>=$B18, Tests!C$4:C989<=$B19, Tests!BS$4:BS989=0, Tests!BS$4:BS989<>"""", Tests!M$4:M989=""CO2""))"),19.0) -> 19 | AB28: =AA28/AA29 -> 0.59375
D29: Total | E29: =SUM(E27:E28) -> 141 | H29: Maximum (m) | I29: =IFERROR(__xludf.DUMMYFUNCTION("MAX(FILTER(Tests!$BV$4:$BV989, Tests!$C$4:$C989>=$B$18, Tests!$C$4:$C989<=$B$19, Tests!$BS$4:$BS989>0))"),0.03388888888888886) -> 0.033888889 | L29: Total | M29: =SUM(M27:M28) -> 526 | V29: Total | W29: =W27+W28 -> 429 | Y29: =Y27+Y28 -> 48 | AA29: =AA27+AA28 -> 32
D30: Non adaptés | E30: =B$20-E29 -> 385 | H30: Minimum (m) | I30: =IFERROR(__xludf.DUMMYFUNCTION("MIN(FILTER(Tests!$BV$4:$BV989, Tests!$C$4:$C989>=$B$18, Tests!$C$4:$C989<=$B$19, Tests!$BS$4:$BS989>0))"),3.472222222222765E-5) -> 3.4722222e-05 | L30: Non renseignés | M30: =B20-M29 -> 0
W31: flowrate >= diameter | Y31: flowrate < diameter
D32: Equipement | E32: Détectés | F32: Non-Détectés | G32: % | H32: Emergence | P32: Type | Q32: Détectés | R32: Non-Détectés | S32: % | T32: Emergence | W32: Test | X32: % | Y32: Test | Z32: %
D33: Total | E33: =SUM(E34:E50) -> 252 | F33: =SUM(F34:F50) -> 217 | G33: =E33/(E33+F33) -> 0.53731343 | H33: =SUM(H34:H46) -> 187 | P33: Total | Q33: =SUM(Q34:Q60) -> 275 | R33: =SUM(R34:R60) -> 249 | S33: =Q33/(Q33+R33) -> 0.52480916 | T33: =SUM(T34:T60) -> 250 | V33: Détectés | W33: =IFERROR(__xludf.DUMMYFUNCTION("COUNT(FILTER(Tests!C$4:C989, Tests!C$4:C989>=$B18, Tests!C$4:C989<=$B19, Tests!BS$4:BS989>0, Tests!U4:U989>=Tests!AC4:AC989))"),89.0) -> 89 | X33: =W33/W35 -> 0.64028777 | Y33: =IFERROR(__xludf.DUMMYFUNCTION("COUNT(FILTER(Tests!C$4:C989, Tests!C$4:C989>=$B18, Tests!C$4:C989<=$B19, Tests!BS$4:BS989>0, Tests!U4:U989<Tests!AC4:AC989))"),187.0) -> 187 | Z33: =Y33/Y35 -> 0.48445596
D34: =IFERROR(__xludf.DUMMYFUNCTION("SORT(UNIQUE(FILTER(Tests!O$4:O989, Tests!C$4:C989>=$B18, Tests!C$4:C989<=$B19)))"),"Autre") -> Autre | E34: =IFERROR(__xludf.DUMMYFUNCTION("COUNT(FILTER(Tests!C$4:C989, Tests!C$4:C989>=$B$18, Tests!C$4:C989<=$B$19, Tests!BS$4:BS989>0, Tests!O$4:O989=D34))"),3.0) -> 3 | F34: =IFERROR(__xludf.DUMMYFUNCTION("COUNT(FILTER(Tests!C$4:C989, Tests!C$4:C989>=$B$18, Tests!C$4:C989<=$B$19, Tests!BS$4:BS989=0, Tests!BS$4:BS989<>"""", Tests!O$4:O989=D34))"),0.0) -> 0 | G34: =E34/(E34+F34) -> 1 | H34: =IFERROR(__xludf.DUMMYFUNCTION("COUNT(FILTER(Tests!C$4:C989, Tests!C$4:C989>=$B$18, Tests!C$4:C989<=$B$19, Tests!CK$4:CK989>0, Tests!O$4:O989=D34))"),0.0) -> 0 | P34: =IFERROR(__xludf.DUMMYFUNCTION("SORT(UNIQUE(FILTER(Tests!P$4:P989, Tests!C$4:C989>=$B18, Tests!C$4:C989<=$B19)))"),"Bottom flange") -> Bottom flange | Q34: =IFERROR(__xludf.DUMMYFUNCTION("COUNT(FILTER(Tests!C$4:C989, Tests!C$4:C989>=$B$18, Tests!C$4:C989<=$B$19, Tests!BS$4:BS989>0, Tests!P$4:P989=P34))"),7.0) -> 7 | R34: =IFERROR(__xludf.DUMMYFUNCTION("COUNT(FILTER(Tests!C$4:C989, Tests!C$4:C989>=$B$18, Tests!C$4:C989<=$B$19, Tests!BS$4:BS989=0, Tests!BS$4:BS989<>"""", Tests!P$4:P989=P34))"),8.0) -> 8 | S34: =Q34/(Q34+R34) -> 0.46666667 | T34: =IFERROR(__xludf.DUMMYFUNCTION("COUNT(FILTER(Tests!C$4:C989, Tests!C$4:C989>=$B$18, Tests!C$4:C989<=$B$19, Tests!CK$4:CK989>0, Tests!P$4:P989=P34))"),5.0) -> 5 | V34: Non détectés | W34: =IFERROR(__xludf.DUMMYFUNCTION("COUNT(FILTER(Tests!C$4:C989, Tests!C$4:C989>=$B18, Tests!C$4:C989<=$B19, Tests!BS$4:BS989=0, Tests!BS$4:BS989<>"""", Tests!U4:U989>=Tests!AC4:AC989))"),50.0) -> 50 | X34: =W34/W35 -> 0.35971223 | Y34: =IFERROR(__xludf.DUMMYFUNCTION("COUNT(FILTER(Tests!C$4:C989, Tests!C$4:C989>=$B18, Tests!C$4:C989<=$B19, Tests!BS$4:BS989=0, Tests!BS$4:BS989<>"""", Tests!U4:U989<Tests!AC4:AC989))"),199.0) -> 199 | Z34: =Y34/Y35 -> 0.51554404
D35: =IFERROR(__xludf.DUMMYFUNCTION("""COMPUTED_VALUE"""),"Fixed Point 1") -> Fixed Point 1 | E35: =IFERROR(__xludf.DUMMYFUNCTION("COUNT(FILTER(Tests!C$4:C989, Tests!C$4:C989>=$B$18, Tests!C$4:C989<=$B$19, Tests!BS$4:BS989>0, Tests!O$4:O989=D35))"),77.0) -> 77 | F35: =IFERROR(__xludf.DUMMYFUNCTION("COUNT(FILTER(Tests!C$4:C989, Tests!C$4:C989>=$B$18, Tests!C$4:C989<=$B$19, Tests!BS$4:BS989=0, Tests!BS$4:BS989<>"""", Tests!O$4:O989=D35))"),22.0) -> 22 | G35: =E35/(E35+F35) -> 0.77777778 | H35: =IFERROR(__xludf.DUMMYFUNCTION("COUNT(FILTER(Tests!C$4:C989, Tests!C$4:C989>=$B$18, Tests!C$4:C989<=$B$19, Tests!CK$4:CK989>0, Tests!O$4:O989=D35))"),61.0) -> 61 | P35: =IFERROR(__xludf.DUMMYFUNCTION("""COMPUTED_VALUE"""),"Connecting Flange") -> Connecting Flange | Q35: =IFERROR(__xludf.DUMMYFUNCTION("COUNT(FILTER(Tests!C$4:C989, Tests!C$4:C989>=$B$18, Tests!C$4:C989<=$B$19, Tests!BS$4:BS989>0, Tests!P$4:P989=P35))"),0.0) -> 0 | R35: =IFERROR(__xludf.DUMMYFUNCTION("COUNT(FILTER(Tests!C$4:C989, Tests!C$4:C989>=$B$18, Tests!C$4:C989<=$B$19, Tests!BS$4:BS989=0, Tests!BS$4:BS989<>"""", Tests!P$4:P989=P35))"),1.0) -> 1 | S35: =Q35/(Q35+R35) -> 0 | T35: =IFERROR(__xludf.DUMMYFUNCTION("COUNT(FILTER(Tests!C$4:C989, Tests!C$4:C989>=$B$18, Tests!C$4:C989<=$B$19, Tests!CK$4:CK989>0, Tests!P$4:P989=P35))"),0.0) -> 0 | V35: Total | W35: =W33+W34 -> 139 | Y35: =Y33+Y34 -> 386
D36: =IFERROR(__xludf.DUMMYFUNCTION("""COMPUTED_VALUE"""),"Fixed Point 2") -> Fixed Point 2 | E36: =IFERROR(__xludf.DUMMYFUNCTION("COUNT(FILTER(Tests!C$4:C989, Tests!C$4:C989>=$B$18, Tests!C$4:C989<=$B$19, Tests!BS$4:BS989>0, Tests!O$4:O989=D36))"),17.0) -> 17 | F36: =IFERROR(__xludf.DUMMYFUNCTION("COUNT(FILTER(Tests!C$4:C989, Tests!C$4:C989>=$B$18, Tests!C$4:C989<=$B$19, Tests!BS$4:BS989=0, Tests!BS$4:BS989<>"""", Tests!O$4:O989=D36))"),22.0) -> 22 | G36: =E36/(E36+F36) -> 0.43589744 | H36: =IFERROR(__xludf.DUMMYFUNCTION("COUNT(FILTER(Tests!C$4:C989, Tests!C$4:C989>=$B$18, Tests!C$4:C989<=$B$19, Tests!CK$4:CK989>0, Tests!O$4:O989=D36))"),29.0) -> 29 | P36: =IFERROR(__xludf.DUMMYFUNCTION("""COMPUTED_VALUE"""),"Connector") -> Connector | Q36: =IFERROR(__xludf.DUMMYFUNCTION("COUNT(FILTER(Tests!C$4:C989, Tests!C$4:C989>=$B$18, Tests!C$4:C989<=$B$19, Tests!BS$4:BS989>0, Tests!P$4:P989=P36))"),3.0) -> 3 | R36: =IFERROR(__xludf.DUMMYFUNCTION("COUNT(FILTER(Tests!C$4:C989, Tests!C$4:C989>=$B$18, Tests!C$4:C989<=$B$19, Tests!BS$4:BS989=0, Tests!BS$4:BS989<>"""", Tests!P$4:P989=P36))"),6.0) -> 6 | S36: =Q36/(Q36+R36) -> 0.33333333 | T36: =IFERROR(__xludf.DUMMYFUNCTION("COUNT(FILTER(Tests!C$4:C989, Tests!C$4:C989>=$B$18, Tests!C$4:C989<=$B$19, Tests!CK$4:CK989>0, Tests!P$4:P989=P36))"),5.0) -> 5
D37: =IFERROR(__xludf.DUMMYFUNCTION("""COMPUTED_VALUE"""),"Flare (6,5 m)") -> Flare (6,5 m) | E37: =IFERROR(__xludf.DUMMYFUNCTION("COUNT(FILTER(Tests!C$4:C989, Tests!C$4:C989>=$B$18, Tests!C$4:C989<=$B$19, Tests!BS$4:BS989>0, Tests!O$4:O989=D37))"),14.0) -> 14 | F37: =IFERROR(__xludf.DUMMYFUNCTION("COUNT(FILTER(Tests!C$4:C989, Tests!C$4:C989>=$B$18, Tests!C$4:C989<=$B$19, Tests!BS$4:BS989=0, Tests!BS$4:BS989<>"""", Tests!O$4:O989=D37))"),17.0) -> 17 | G37: =E37/(E37+F37) -> 0.4516129 | H37: =IFERROR(__xludf.DUMMYFUNCTION("COUNT(FILTER(Tests!C$4:C989, Tests!C$4:C989>=$B$18, Tests!C$4:C989<=$B$19, Tests!CK$4:CK989>0, Tests!O$4:O989=D37))"),21.0) -> 21 | P37: =IFERROR(__xludf.DUMMYFUNCTION("""COMPUTED_VALUE"""),"Control Box") -> Control Box | Q37: =IFERROR(__xludf.DUMMYFUNCTION("COUNT(FILTER(Tests!C$4:C989, Tests!C$4:C989>=$B$18, Tests!C$4:C989<=$B$19, Tests!BS$4:BS989>0, Tests!P$4:P989=P37))"),10.0) -> 10 | R37: =IFERROR(__xludf.DUMMYFUNCTION("COUNT(FILTER(Tests!C$4:C989, Tests!C$4:C989>=$B$18, Tests!C$4:C989<=$B$19, Tests!BS$4:BS989=0, Tests!BS$4:BS989<>"""", Tests!P$4:P989=P37))"),4.0) -> 4 | S37: =Q37/(Q37+R37) -> 0.71428571 | T37: =IFERROR(__xludf.DUMMYFUNCTION("COUNT(FILTER(Tests!C$4:C989, Tests!C$4:C989>=$B$18, Tests!C$4:C989<=$B$19, Tests!CK$4:CK989>0, Tests!P$4:P989=P37))"),9.0) -> 9
D38: =IFERROR(__xludf.DUMMYFUNCTION("""COMPUTED_VALUE"""),"Large Tank D1") -> Large Tank D1 | E38: =IFERROR(__xludf.DUMMYFUNCTION("COUNT(FILTER(Tests!C$4:C989, Tests!C$4:C989>=$B$18, Tests!C$4:C989<=$B$19, Tests!BS$4:BS989>0, Tests!O$4:O989=D38))"),6.0) -> 6 | F38: =IFERROR(__xludf.DUMMYFUNCTION("COUNT(FILTER(Tests!C$4:C989, Tests!C$4:C989>=$B$18, Tests!C$4:C989<=$B$19, Tests!BS$4:BS989=0, Tests!BS$4:BS989<>"""", Tests!O$4:O989=D38))"),15.0) -> 15 | G38: =E38/(E38+F38) -> 0.28571429 | H38: =IFERROR(__xludf.DUMMYFUNCTION("COUNT(FILTER(Tests!C$4:C989, Tests!C$4:C989>=$B$18, Tests!C$4:C989<=$B$19, Tests!CK$4:CK989>0, Tests!O$4:O989=D38))"),10.0) -> 10 | P38: =IFERROR(__xludf.DUMMYFUNCTION("""COMPUTED_VALUE"""),"Drilled Plug") -> Drilled Plug | Q38: =IFERROR(__xludf.DUMMYFUNCTION("COUNT(FILTER(Tests!C$4:C989, Tests!C$4:C989>=$B$18, Tests!C$4:C989<=$B$19, Tests!BS$4:BS989>0, Tests!P$4:P989=P38))"),49.0) -> 49 | R38: =IFERROR(__xludf.DUMMYFUNCTION("COUNT(FILTER(Tests!C$4:C989, Tests!C$4:C989>=$B$18, Tests!C$4:C989<=$B$19, Tests!BS$4:BS989=0, Tests!BS$4:BS989<>"""", Tests!P$4:P989=P38))"),23.0) -> 23 | S38: =Q38/(Q38+R38) -> 0.68055556 | T38: =IFERROR(__xludf.DUMMYFUNCTION("COUNT(FILTER(Tests!C$4:C989, Tests!C$4:C989>=$B$18, Tests!C$4:C989<=$B$19, Tests!CK$4:CK989>0, Tests!P$4:P989=P38))"),36.0) -> 36
D39: =IFERROR(__xludf.DUMMYFUNCTION("""COMPUTED_VALUE"""),"Long Tank D3") -> Long Tank D3 | E39: =IFERROR(__xludf.DUMMYFUNCTION("COUNT(FILTER(Tests!C$4:C989, Tests!C$4:C989>=$B$18, Tests!C$4:C989<=$B$19, Tests!BS$4:BS989>0, Tests!O$4:O989=D39))"),21.0) -> 21 | F39: =IFERROR(__xludf.DUMMYFUNCTION("COUNT(FILTER(Tests!C$4:C989, Tests!C$4:C989>=$B$18, Tests!C$4:C989<=$B$19, Tests!BS$4:BS989=0, Tests!BS$4:BS989<>"""", Tests!O$4:O989=D39))"),11.0) -> 11 | G39: =E39/(E39+F39) -> 0.65625 | H39: =IFERROR(__xludf.DUMMYFUNCTION("COUNT(FILTER(Tests!C$4:C989, Tests!C$4:C989>=$B$18, Tests!C$4:C989<=$B$19, Tests!CK$4:CK989>0, Tests!O$4:O989=D39))"),24.0) -> 24 | P39: =IFERROR(__xludf.DUMMYFUNCTION("""COMPUTED_VALUE"""),"Flange") -> Flange | Q39: =IFERROR(__xludf.DUMMYFUNCTION("COUNT(FILTER(Tests!C$4:C989, Tests!C$4:C989>=$B$18, Tests!C$4:C989<=$B$19, Tests!BS$4:BS989>0, Tests!P$4:P989=P39))"),8.0) -> 8 | R39: =IFERROR(__xludf.DUMMYFUNCTION("COUNT(FILTER(Tests!C$4:C989, Tests!C$4:C989>=$B$18, Tests!C$4:C989<=$B$19, Tests!BS$4:BS989=0, Tests!BS$4:BS989<>"""", Tests!P$4:P989=P39))"),7.0) -> 7 | S39: =Q39/(Q39+R39) -> 0.53333333 | T39: =IFERROR(__xludf.DUMMYFUNCTION("COUNT(FILTER(Tests!C$4:C989, Tests!C$4:C989>=$B$18, Tests!C$4:C989<=$B$19, Tests!CK$4:CK989>0, Tests!P$4:P989=P39))"),10.0) -> 10
D40: =IFERROR(__xludf.DUMMYFUNCTION("""COMPUTED_VALUE"""),"Mast") -> Mast | E40: =IFERROR(__xludf.DUMMYFUNCTION("COUNT(FILTER(Tests!C$4:C989, Tests!C$4:C989>=$B$18, Tests!C$4:C989<=$B$19, Tests!BS$4:BS989>0, Tests!O$4:O989=D40))"),1.0) -> 1 | F40: =IFERROR(__xludf.DUMMYFUNCTION("COUNT(FILTER(Tests!C$4:C989, Tests!C$4:C989>=$B$18, Tests!C$4:C989<=$B$19, Tests!BS$4:BS989=0, Tests!BS$4:BS989<>"""", Tests!O$4:O989=D40))"),16.0) -> 16 | G40: =E40/(E40+F40) -> 0.058823529 | H40: =IFERROR(__xludf.DUMMYFUNCTION("COUNT(FILTER(Tests!C$4:C989, Tests!C$4:C989>=$B$18, Tests!C$4:C989<=$B$19, Tests!CK$4:CK989>0, Tests!O$4:O989=D40))"),0.0) -> 0 | P40: =IFERROR(__xludf.DUMMYFUNCTION("""COMPUTED_VALUE"""),"Flange 1") -> Flange 1 | Q40: =IFERROR(__xludf.DUMMYFUNCTION("COUNT(FILTER(Tests!C$4:C989, Tests!C$4:C989>=$B$18, Tests!C$4:C989<=$B$19, Tests!BS$4:BS989>0, Tests!P$4:P989=P40))"),1.0) -> 1 | R40: =IFERROR(__xludf.DUMMYFUNCTION("COUNT(FILTER(Tests!C$4:C989, Tests!C$4:C989>=$B$18, Tests!C$4:C989<=$B$19, Tests!BS$4:BS989=0, Tests!BS$4:BS989<>"""", Tests!P$4:P989=P40))"),3.0) -> 3 | S40: =Q40/(Q40+R40) -> 0.25 | T40: =IFERROR(__xludf.DUMMYFUNCTION("COUNT(FILTER(Tests!C$4:C989, Tests!C$4:C989>=$B$18, Tests!C$4:C989<=$B$19, Tests!CK$4:CK989>0, Tests!P$4:P989=P40))"),0.0) -> 0
D41: =IFERROR(__xludf.DUMMYFUNCTION("""COMPUTED_VALUE"""),"Mast 20 m") -> Mast 20 m | E41: =IFERROR(__xludf.DUMMYFUNCTION("COUNT(FILTER(Tests!C$4:C989, Tests!C$4:C989>=$B$18, Tests!C$4:C989<=$B$19, Tests!BS$4:BS989>0, Tests!O$4:O989=D41))"),0.0) -> 0 | F41: =IFERROR(__xludf.DUMMYFUNCTION("COUNT(FILTER(Tests!C$4:C989, Tests!C$4:C989>=$B$18, Tests!C$4:C989<=$B$19, Tests!BS$4:BS989=0, Tests!BS$4:BS989<>"""", Tests!O$4:O989=D41))"),7.0) -> 7 | G41: =E41/(E41+F41) -> 0 | H41: =IFERROR(__xludf.DUMMYFUNCTION("COUNT(FILTER(Tests!C$4:C989, Tests!C$4:C989>=$B$18, Tests!C$4:C989<=$B$19, Tests!CK$4:CK989>0, Tests!O$4:O989=D41))"),0.0) -> 0 | P41: =IFERROR(__xludf.DUMMYFUNCTION("""COMPUTED_VALUE"""),"Flange 2") -> Flange 2 | Q41: =IFERROR(__xludf.DUMMYFUNCTION("COUNT(FILTER(Tests!C$4:C989, Tests!C$4:C989>=$B$18, Tests!C$4:C989<=$B$19, Tests!BS$4:BS989>0, Tests!P$4:P989=P41))"),1.0) -> 1 | R41: =IFERROR(__xludf.DUMMYFUNCTION("COUNT(FILTER(Tests!C$4:C989, Tests!C$4:C989>=$B$18, Tests!C$4:C989<=$B$19, Tests!BS$4:BS989=0, Tests!BS$4:BS989<>"""", Tests!P$4:P989=P41))"),0.0) -> 0 | S41: =Q41/(Q41+R41) -> 1 | T41: =IFERROR(__xludf.DUMMYFUNCTION("COUNT(FILTER(Tests!C$4:C989, Tests!C$4:C989>=$B$18, Tests!C$4:C989<=$B$19, Tests!CK$4:CK989>0, Tests!P$4:P989=P41))"),1.0) -> 1
D42: =IFERROR(__xludf.DUMMYFUNCTION("""COMPUTED_VALUE"""),"Mobile Valve 1") -> Mobile Valve 1 | E42: =IFERROR(__xludf.DUMMYFUNCTION("COUNT(FILTER(Tests!C$4:C989, Tests!C$4:C989>=$B$18, Tests!C$4:C989<=$B$19, Tests!BS$4:BS989>0, Tests!O$4:O989=D42))"),2.0) -> 2 | F42: =IFERROR(__xludf.DUMMYFUNCTION("COUNT(FILTER(Tests!C$4:C989, Tests!C$4:C989>=$B$18, Tests!C$4:C989<=$B$19, Tests!BS$4:BS989=0, Tests!BS$4:BS989<>"""", Tests!O$4:O989=D42))"),0.0) -> 0 | G42: =E42/(E42+F42) -> 1 | H42: =IFERROR(__xludf.DUMMYFUNCTION("COUNT(FILTER(Tests!C$4:C989, Tests!C$4:C989>=$B$18, Tests!C$4:C989<=$B$19, Tests!CK$4:CK989>0, Tests!O$4:O989=D42))"),1.0) -> 1 | P42: =IFERROR(__xludf.DUMMYFUNCTION("""COMPUTED_VALUE"""),"Flange 3") -> Flange 3 | Q42: =IFERROR(__xludf.DUMMYFUNCTION("COUNT(FILTER(Tests!C$4:C989, Tests!C$4:C989>=$B$18, Tests!C$4:C989<=$B$19, Tests!BS$4:BS989>0, Tests!P$4:P989=P42))"),7.0) -> 7 | R42: =IFERROR(__xludf.DUMMYFUNCTION("COUNT(FILTER(Tests!C$4:C989, Tests!C$4:C989>=$B$18, Tests!C$4:C989<=$B$19, Tests!BS$4:BS989=0, Tests!BS$4:BS989<>"""", Tests!P$4:P989=P42))"),3.0) -> 3 | S42: =Q42/(Q42+R42) -> 0.7 | T42: =IFERROR(__xludf.DUMMYFUNCTION("COUNT(FILTER(Tests!C$4:C989, Tests!C$4:C989>=$B$18, Tests!C$4:C989<=$B$19, Tests!CK$4:CK989>0, Tests!P$4:P989=P42))"),5.0) -> 5
D43: =IFERROR(__xludf.DUMMYFUNCTION("""COMPUTED_VALUE"""),"Mobile Valve 3A") -> Mobile Valve 3A | E43: =IFERROR(__xludf.DUMMYFUNCTION("COUNT(FILTER(Tests!C$4:C989, Tests!C$4:C989>=$B$18, Tests!C$4:C989<=$B$19, Tests!BS$4:BS989>0, Tests!O$4:O989=D43))"),6.0) -> 6 | F43: =IFERROR(__xludf.DUMMYFUNCTION("COUNT(FILTER(Tests!C$4:C989, Tests!C$4:C989>=$B$18, Tests!C$4:C989<=$B$19, Tests!BS$4:BS989=0, Tests!BS$4:BS989<>"""", Tests!O$4:O989=D43))"),8.0) -> 8 | G43: =E43/(E43+F43) -> 0.42857143 | H43: =IFERROR(__xludf.DUMMYFUNCTION("COUNT(FILTER(Tests!C$4:C989, Tests!C$4:C989>=$B$18, Tests!C$4:C989<=$B$19, Tests!CK$4:CK989>0, Tests!O$4:O989=D43))"),2.0) -> 2 | P43: =IFERROR(__xludf.DUMMYFUNCTION("""COMPUTED_VALUE"""),"Flange 4") -> Flange 4 | Q43: =IFERROR(__xludf.DUMMYFUNCTION("COUNT(FILTER(Tests!C$4:C989, Tests!C$4:C989>=$B$18, Tests!C$4:C989<=$B$19, Tests!BS$4:BS989>0, Tests!P$4:P989=P43))"),5.0) -> 5 | R43: =IFERROR(__xludf.DUMMYFUNCTION("COUNT(FILTER(Tests!C$4:C989, Tests!C$4:C989>=$B$18, Tests!C$4:C989<=$B$19, Tests!BS$4:BS989=0, Tests!BS$4:BS989<>"""", Tests!P$4:P989=P43))"),2.0) -> 2 | S43: =Q43/(Q43+R43) -> 0.71428571 | T43: =IFERROR(__xludf.DUMMYFUNCTION("COUNT(FILTER(Tests!C$4:C989, Tests!C$4:C989>=$B$18, Tests!C$4:C989<=$B$19, Tests!CK$4:CK989>0, Tests!P$4:P989=P43))"),6.0) -> 6
D44: =IFERROR(__xludf.DUMMYFUNCTION("""COMPUTED_VALUE"""),"Mobile Valve 3B") -> Mobile Valve 3B | E44: =IFERROR(__xludf.DUMMYFUNCTION("COUNT(FILTER(Tests!C$4:C989, Tests!C$4:C989>=$B$18, Tests!C$4:C989<=$B$19, Tests!BS$4:BS989>0, Tests!O$4:O989=D44))"),12.0) -> 12 | F44: =IFERROR(__xludf.DUMMYFUNCTION("COUNT(FILTER(Tests!C$4:C989, Tests!C$4:C989>=$B$18, Tests!C$4:C989<=$B$19, Tests!BS$4:BS989=0, Tests!BS$4:BS989<>"""", Tests!O$4:O989=D44))"),3.0) -> 3 | G44: =E44/(E44+F44) -> 0.8 | H44: =IFERROR(__xludf.DUMMYFUNCTION("COUNT(FILTER(Tests!C$4:C989, Tests!C$4:C989>=$B$18, Tests!C$4:C989<=$B$19, Tests!CK$4:CK989>0, Tests!O$4:O989=D44))"),10.0) -> 10 | P44: =IFERROR(__xludf.DUMMYFUNCTION("""COMPUTED_VALUE"""),"High Vertical piping") -> High Vertical piping | Q44: =IFERROR(__xludf.DUMMYFUNCTION("COUNT(FILTER(Tests!C$4:C989, Tests!C$4:C989>=$B$18, Tests!C$4:C989<=$B$19, Tests!BS$4:BS989>0, Tests!P$4:P989=P44))"),2.0) -> 2 | R44: =IFERROR(__xludf.DUMMYFUNCTION("COUNT(FILTER(Tests!C$4:C989, Tests!C$4:C989>=$B$18, Tests!C$4:C989<=$B$19, Tests!BS$4:BS989=0, Tests!BS$4:BS989<>"""", Tests!P$4:P989=P44))"),4.0) -> 4 | S44: =Q44/(Q44+R44) -> 0.33333333 | T44: =IFERROR(__xludf.DUMMYFUNCTION("COUNT(FILTER(Tests!C$4:C989, Tests!C$4:C989>=$B$18, Tests!C$4:C989<=$B$19, Tests!CK$4:CK989>0, Tests!P$4:P989=P44))"),6.0) -> 6
D45: =IFERROR(__xludf.DUMMYFUNCTION("""COMPUTED_VALUE"""),"Pipe Rack") -> Pipe Rack | E45: =IFERROR(__xludf.DUMMYFUNCTION("COUNT(FILTER(Tests!C$4:C989, Tests!C$4:C989>=$B$18, Tests!C$4:C989<=$B$19, Tests!BS$4:BS989>0, Tests!O$4:O989=D45))"),18.0) -> 18 | F45: =IFERROR(__xludf.DUMMYFUNCTION("COUNT(FILTER(Tests!C$4:C989, Tests!C$4:C989>=$B$18, Tests!C$4:C989<=$B$19, Tests!BS$4:BS989=0, Tests!BS$4:BS989<>"""", Tests!O$4:O989=D45))"),13.0) -> 13 | G45: =E45/(E45+F45) -> 0.58064516 | H45: =IFERROR(__xludf.DUMMYFUNCTION("COUNT(FILTER(Tests!C$4:C989, Tests!C$4:C989>=$B$18, Tests!C$4:C989<=$B$19, Tests!CK$4:CK989>0, Tests!O$4:O989=D45))"),15.0) -> 15 | P45: =IFERROR(__xludf.DUMMYFUNCTION("""COMPUTED_VALUE"""),"Horizontal tubing") -> Horizontal tubing | Q45: =IFERROR(__xludf.DUMMYFUNCTION("COUNT(FILTER(Tests!C$4:C989, Tests!C$4:C989>=$B$18, Tests!C$4:C989<=$B$19, Tests!BS$4:BS989>0, Tests!P$4:P989=P45))"),22.0) -> 22 | R45: =IFERROR(__xludf.DUMMYFUNCTION("COUNT(FILTER(Tests!C$4:C989, Tests!C$4:C989>=$B$18, Tests!C$4:C989<=$B$19, Tests!BS$4:BS989=0, Tests!BS$4:BS989<>"""", Tests!P$4:P989=P45))"),6.0) -> 6 | S45: =Q45/(Q45+R45) -> 0.78571429 | T45: =IFERROR(__xludf.DUMMYFUNCTION("COUNT(FILTER(Tests!C$4:C989, Tests!C$4:C989>=$B$18, Tests!C$4:C989<=$B$19, Tests!CK$4:CK989>0, Tests!P$4:P989=P45))"),14.0) -> 14
D46: =IFERROR(__xludf.DUMMYFUNCTION("""COMPUTED_VALUE"""),"Product Skid") -> Product Skid | E46: =IFERROR(__xludf.DUMMYFUNCTION("COUNT(FILTER(Tests!C$4:C989, Tests!C$4:C989>=$B$18, Tests!C$4:C989<=$B$19, Tests!BS$4:BS989>0, Tests!O$4:O989=D46))"),14.0) -> 14 | F46: =IFERROR(__xludf.DUMMYFUNCTION("COUNT(FILTER(Tests!C$4:C989, Tests!C$4:C989>=$B$18, Tests!C$4:C989<=$B$19, Tests!BS$4:BS989=0, Tests!BS$4:BS989<>"""", Tests!O$4:O989=D46))"),11.0) -> 11 | G46: =E46/(E46+F46) -> 0.56 | H46: =IFERROR(__xludf.DUMMYFUNCTION("COUNT(FILTER(Tests!C$4:C989, Tests!C$4:C989>=$B$18, Tests!C$4:C989<=$B$19, Tests!CK$4:CK989>0, Tests!O$4:O989=D46))"),14.0) -> 14 | P46: =IFERROR(__xludf.DUMMYFUNCTION("""COMPUTED_VALUE"""),"Man hole") -> Man hole | Q46: =IFERROR(__xludf.DUMMYFUNCTION("COUNT(FILTER(Tests!C$4:C989, Tests!C$4:C989>=$B$18, Tests!C$4:C989<=$B$19, Tests!BS$4:BS989>0, Tests!P$4:P989=P46))"),6.0) -> 6 | R46: =IFERROR(__xludf.DUMMYFUNCTION("COUNT(FILTER(Tests!C$4:C989, Tests!C$4:C989>=$B$18, Tests!C$4:C989<=$B$19, Tests!BS$4:BS989=0, Tests!BS$4:BS989<>"""", Tests!P$4:P989=P46))"),10.0) -> 10 | S46: =Q46/(Q46+R46) -> 0.375 | T46: =IFERROR(__xludf.DUMMYFUNCTION("COUNT(FILTER(Tests!C$4:C989, Tests!C$4:C989>=$B$18, Tests!C$4:C989<=$B$19, Tests!CK$4:CK989>0, Tests!P$4:P989=P46))"),8.0) -> 8
D47: =IFERROR(__xludf.DUMMYFUNCTION("""COMPUTED_VALUE"""),"RPB") -> RPB | E47: =IFERROR(__xludf.DUMMYFUNCTION("COUNT(FILTER(Tests!C$4:C989, Tests!C$4:C989>=$B$18, Tests!C$4:C989<=$B$19, Tests!BS$4:BS989>0, Tests!O$4:O989=D47))"),30.0) -> 30 | F47: =IFERROR(__xludf.DUMMYFUNCTION("COUNT(FILTER(Tests!C$4:C989, Tests!C$4:C989>=$B$18, Tests!C$4:C989<=$B$19, Tests!BS$4:BS989=0, Tests!BS$4:BS989<>"""", Tests!O$4:O989=D47))"),21.0) -> 21 | G47: =E47/(E47+F47) -> 0.58823529 | H47: =IFERROR(__xludf.DUMMYFUNCTION("COUNT(FILTER(Tests!C$4:C989, Tests!C$4:C989>=$B$18, Tests!C$4:C989<=$B$19, Tests!CK$4:CK989>0, Tests!O$4:O989=D47))"),21.0) -> 21 | P47: =IFERROR(__xludf.DUMMYFUNCTION("""COMPUTED_VALUE"""),"Medium Flange") -> Medium Flange | Q47: =IFERROR(__xludf.DUMMYFUNCTION("COUNT(FILTER(Tests!C$4:C989, Tests!C$4:C989>=$B$18, Tests!C$4:C989<=$B$19, Tests!BS$4:BS989>0, Tests!P$4:P989=P47))"),3.0) -> 3 | R47: =IFERROR(__xludf.DUMMYFUNCTION("COUNT(FILTER(Tests!C$4:C989, Tests!C$4:C989>=$B$18, Tests!C$4:C989<=$B$19, Tests!BS$4:BS989=0, Tests!BS$4:BS989<>"""", Tests!P$4:P989=P47))"),0.0) -> 0 | S47: =Q47/(Q47+R47) -> 1 | T47: =IFERROR(__xludf.DUMMYFUNCTION("COUNT(FILTER(Tests!C$4:C989, Tests!C$4:C989>=$B$18, Tests!C$4:C989<=$B$19, Tests!CK$4:CK989>0, Tests!P$4:P989=P47))"),0.0) -> 0
D48: =IFERROR(__xludf.DUMMYFUNCTION("""COMPUTED_VALUE"""),"Scrubber") -> Scrubber | E48: =IFERROR(__xludf.DUMMYFUNCTION("COUNT(FILTER(Tests!C$4:C989, Tests!C$4:C989>=$B$18, Tests!C$4:C989<=$B$19, Tests!BS$4:BS989>0, Tests!O$4:O989=D48))"),6.0) -> 6 | F48: =IFERROR(__xludf.DUMMYFUNCTION("COUNT(FILTER(Tests!C$4:C989, Tests!C$4:C989>=$B$18, Tests!C$4:C989<=$B$19, Tests!BS$4:BS989=0, Tests!BS$4:BS989<>"""", Tests!O$4:O989=D48))"),4.0) -> 4 | G48: =E48/(E48+F48) -> 0.6 | H48: =IFERROR(__xludf.DUMMYFUNCTION("COUNT(FILTER(Tests!C$4:C989, Tests!C$4:C989>=$B$18, Tests!C$4:C989<=$B$19, Tests!CK$4:CK989>0, Tests!O$4:O989=D48))"),6.0) -> 6 | P48: =IFERROR(__xludf.DUMMYFUNCTION("""COMPUTED_VALUE"""),"North flange") -> North flange | Q48: =IFERROR(__xludf.DUMMYFUNCTION("COUNT(FILTER(Tests!C$4:C989, Tests!C$4:C989>=$B$18, Tests!C$4:C989<=$B$19, Tests!BS$4:BS989>0, Tests!P$4:P989=P48))"),2.0) -> 2 | R48: =IFERROR(__xludf.DUMMYFUNCTION("COUNT(FILTER(Tests!C$4:C989, Tests!C$4:C989>=$B$18, Tests!C$4:C989<=$B$19, Tests!BS$4:BS989=0, Tests!BS$4:BS989<>"""", Tests!P$4:P989=P48))"),5.0) -> 5 | S48: =Q48/(Q48+R48) -> 0.28571429 | T48: =IFERROR(__xludf.DUMMYFUNCTION("COUNT(FILTER(Tests!C$4:C989, Tests!C$4:C989>=$B$18, Tests!C$4:C989<=$B$19, Tests!CK$4:CK989>0, Tests!P$4:P989=P48))"),0.0) -> 0
D49: =IFERROR(__xludf.DUMMYFUNCTION("""COMPUTED_VALUE"""),"Small Tank D2") -> Small Tank D2 | E49: =IFERROR(__xludf.DUMMYFUNCTION("COUNT(FILTER(Tests!C$4:C989, Tests!C$4:C989>=$B$18, Tests!C$4:C989<=$B$19, Tests!BS$4:BS989>0, Tests!O$4:O989=D49))"),7.0) -> 7 | F49: =IFERROR(__xludf.DUMMYFUNCTION("COUNT(FILTER(Tests!C$4:C989, Tests!C$4:C989>=$B$18, Tests!C$4:C989<=$B$19, Tests!BS$4:BS989=0, Tests!BS$4:BS989<>"""", Tests!O$4:O989=D49))"),24.0) -> 24 | G49: =E49/(E49+F49) -> 0.22580645 | H49: =IFERROR(__xludf.DUMMYFUNCTION("COUNT(FILTER(Tests!C$4:C989, Tests!C$4:C989>=$B$18, Tests!C$4:C989<=$B$19, Tests!CK$4:CK989>0, Tests!O$4:O989=D49))"),11.0) -> 11 | P49: =IFERROR(__xludf.DUMMYFUNCTION("""COMPUTED_VALUE"""),"Nouvelle bride") -> Nouvelle bride | Q49: =IFERROR(__xludf.DUMMYFUNCTION("COUNT(FILTER(Tests!C$4:C989, Tests!C$4:C989>=$B$18, Tests!C$4:C989<=$B$19, Tests!BS$4:BS989>0, Tests!P$4:P989=P49))"),0.0) -> 0 | R49: =IFERROR(__xludf.DUMMYFUNCTION("COUNT(FILTER(Tests!C$4:C989, Tests!C$4:C989>=$B$18, Tests!C$4:C989<=$B$19, Tests!BS$4:BS989=0, Tests!BS$4:BS989<>"""", Tests!P$4:P989=P49))"),8.0) -> 8 | S49: =Q49/(Q49+R49) -> 0 | T49: =IFERROR(__xludf.DUMMYFUNCTION("COUNT(FILTER(Tests!C$4:C989, Tests!C$4:C989>=$B$18, Tests!C$4:C989<=$B$19, Tests!CK$4:CK989>0, Tests!P$4:P989=P49))"),0.0) -> 0
D50: =IFERROR(__xludf.DUMMYFUNCTION("""COMPUTED_VALUE"""),"Well Head") -> Well Head | E50: =IFERROR(__xludf.DUMMYFUNCTION("COUNT(FILTER(Tests!C$4:C989, Tests!C$4:C989>=$B$18, Tests!C$4:C989<=$B$19, Tests!BS$4:BS989>0, Tests!O$4:O989=D50))"),18.0) -> 18 | F50: =IFERROR(__xludf.DUMMYFUNCTION("COUNT(FILTER(Tests!C$4:C989, Tests!C$4:C989>=$B$18, Tests!C$4:C989<=$B$19, Tests!BS$4:BS989=0, Tests!BS$4:BS989<>"""", Tests!O$4:O989=D50))"),23.0) -> 23 | G50: =E50/(E50+F50) -> 0.43902439 | H50: =IFERROR(__xludf.DUMMYFUNCTION("COUNT(FILTER(Tests!C$4:C989, Tests!C$4:C989>=$B$18, Tests!C$4:C989<=$B$19, Tests!CK$4:CK989>0, Tests!O$4:O989=D50))"),11.0) -> 11 | P50: =IFERROR(__xludf.DUMMYFUNCTION("""COMPUTED_VALUE"""),"Open Ended Line") -> Open Ended Line | Q50: =IFERROR(__xludf.DUMMYFUNCTION("COUNT(FILTER(Tests!C$4:C989, Tests!C$4:C989>=$B$18, Tests!C$4:C989<=$B$19, Tests!BS$4:BS989>0, Tests!P$4:P989=P50))"),24.0) -> 24 | R50: =IFERROR(__xludf.DUMMYFUNCTION("COUNT(FILTER(Tests!C$4:C989, Tests!C$4:C989>=$B$18, Tests!C$4:C989<=$B$19, Tests!BS$4:BS989=0, Tests!BS$4:BS989<>"""", Tests!P$4:P989=P50))"),54.0) -> 54 | S50: =Q50/(Q50+R50) -> 0.30769231 | T50: =IFERROR(__xludf.DUMMYFUNCTION("COUNT(FILTER(Tests!C$4:C989, Tests!C$4:C989>=$B$18, Tests!C$4:C989<=$B$19, Tests!CK$4:CK989>0, Tests!P$4:P989=P50))"),32.0) -> 32
P51: =IFERROR(__xludf.DUMMYFUNCTION("""COMPUTED_VALUE"""),"Outlet valve") -> Outlet valve | Q51: =IFERROR(__xludf.DUMMYFUNCTION("COUNT(FILTER(Tests!C$4:C989, Tests!C$4:C989>=$B$18, Tests!C$4:C989<=$B$19, Tests!BS$4:BS989>0, Tests!P$4:P989=P51))"),17.0) -> 17 | R51: =IFERROR(__xludf.DUMMYFUNCTION("COUNT(FILTER(Tests!C$4:C989, Tests!C$4:C989>=$B$18, Tests!C$4:C989<=$B$19, Tests!BS$4:BS989=0, Tests!BS$4:BS989<>"""", Tests!P$4:P989=P51))"),3.0) -> 3 | S51: =Q51/(Q51+R51) -> 0.85 | T51: =IFERROR(__xludf.DUMMYFUNCTION("COUNT(FILTER(Tests!C$4:C989, Tests!C$4:C989>=$B$18, Tests!C$4:C989<=$B$19, Tests!CK$4:CK989>0, Tests!P$4:P989=P51))"),14.0) -> 14
P52: =IFERROR(__xludf.DUMMYFUNCTION("""COMPUTED_VALUE"""),"South flange") -> South flange | Q52: =IFERROR(__xludf.DUMMYFUNCTION("COUNT(FILTER(Tests!C$4:C989, Tests!C$4:C989>=$B$18, Tests!C$4:C989<=$B$19, Tests!BS$4:BS989>0, Tests!P$4:P989=P52))"),4.0) -> 4 | R52: =IFERROR(__xludf.DUMMYFUNCTION("COUNT(FILTER(Tests!C$4:C989, Tests!C$4:C989>=$B$18, Tests!C$4:C989<=$B$19, Tests!BS$4:BS989=0, Tests!BS$4:BS989<>"""", Tests!P$4:P989=P52))"),8.0) -> 8 | S52: =Q52/(Q52+R52) -> 0.33333333 | T52: =IFERROR(__xludf.DUMMYFUNCTION("COUNT(FILTER(Tests!C$4:C989, Tests!C$4:C989>=$B$18, Tests!C$4:C989<=$B$19, Tests!CK$4:CK989>0, Tests!P$4:P989=P52))"),6.0) -> 6
P53: =IFERROR(__xludf.DUMMYFUNCTION("""COMPUTED_VALUE"""),"Sur PIRL en bordure de TADI") -> Sur PIRL en bordure de TADI | Q53: =IFERROR(__xludf.DUMMYFUNCTION("COUNT(FILTER(Tests!C$4:C989, Tests!C$4:C989>=$B$18, Tests!C$4:C989<=$B$19, Tests!BS$4:BS989>0, Tests!P$4:P989=P53))"),3.0) -> 3 | R53: =IFERROR(__xludf.DUMMYFUNCTION("COUNT(FILTER(Tests!C$4:C989, Tests!C$4:C989>=$B$18, Tests!C$4:C989<=$B$19, Tests!BS$4:BS989=0, Tests!BS$4:BS989<>"""", Tests!P$4:P989=P53))"),0.0) -> 0 | S53: =Q53/(Q53+R53) -> 1 | T53: =IFERROR(__xludf.DUMMYFUNCTION("COUNT(FILTER(Tests!C$4:C989, Tests!C$4:C989>=$B$18, Tests!C$4:C989<=$B$19, Tests!CK$4:CK989>0, Tests!P$4:P989=P53))"),0.0) -> 0
P54: =IFERROR(__xludf.DUMMYFUNCTION("""COMPUTED_VALUE"""),"TADI's purge CH4") -> TADI's purge CH4 | Q54: =IFERROR(__xludf.DUMMYFUNCTION("COUNT(FILTER(Tests!C$4:C989, Tests!C$4:C989>=$B$18, Tests!C$4:C989<=$B$19, Tests!BS$4:BS989>0, Tests!P$4:P989=P54))"),20.0) -> 20 | R54: =IFERROR(__xludf.DUMMYFUNCTION("COUNT(FILTER(Tests!C$4:C989, Tests!C$4:C989>=$B$18, Tests!C$4:C989<=$B$19, Tests!BS$4:BS989=0, Tests!BS$4:BS989<>"""", Tests!P$4:P989=P54))"),16.0) -> 16 | S54: =Q54/(Q54+R54) -> 0.55555556 | T54: =IFERROR(__xludf.DUMMYFUNCTION("COUNT(FILTER(Tests!C$4:C989, Tests!C$4:C989>=$B$18, Tests!C$4:C989<=$B$19, Tests!CK$4:CK989>0, Tests!P$4:P989=P54))"),5.0) -> 5
P55: =IFERROR(__xludf.DUMMYFUNCTION("""COMPUTED_VALUE"""),"TADI's purge CO2") -> TADI's purge CO2 | Q55: =IFERROR(__xludf.DUMMYFUNCTION("COUNT(FILTER(Tests!C$4:C989, Tests!C$4:C989>=$B$18, Tests!C$4:C989<=$B$19, Tests!BS$4:BS989>0, Tests!P$4:P989=P55))"),1.0) -> 1 | R55: =IFERROR(__xludf.DUMMYFUNCTION("COUNT(FILTER(Tests!C$4:C989, Tests!C$4:C989>=$B$18, Tests!C$4:C989<=$B$19, Tests!BS$4:BS989=0, Tests!BS$4:BS989<>"""", Tests!P$4:P989=P55))"),1.0) -> 1 | S55: =Q55/(Q55+R55) -> 0.5 | T55: =IFERROR(__xludf.DUMMYFUNCTION("COUNT(FILTER(Tests!C$4:C989, Tests!C$4:C989>=$B$18, Tests!C$4:C989<=$B$19, Tests!CK$4:CK989>0, Tests!P$4:P989=P55))"),2.0) -> 2
P56: =IFERROR(__xludf.DUMMYFUNCTION("""COMPUTED_VALUE"""),"TADI's purge N2") -> TADI's purge N2 | Q56: =IFERROR(__xludf.DUMMYFUNCTION("COUNT(FILTER(Tests!C$4:C989, Tests!C$4:C989>=$B$18, Tests!C$4:C989<=$B$19, Tests!BS$4:BS989>0, Tests!P$4:P989=P56))"),3.0) -> 3 | R56: =IFERROR(__xludf.DUMMYFUNCTION("COUNT(FILTER(Tests!C$4:C989, Tests!C$4:C989>=$B$18, Tests!C$4:C989<=$B$19, Tests!BS$4:BS989=0, Tests!BS$4:BS989<>"""", Tests!P$4:P989=P56))"),15.0) -> 15 | S56: =Q56/(Q56+R56) -> 0.16666667 | T56: =IFERROR(__xludf.DUMMYFUNCTION("COUNT(FILTER(Tests!C$4:C989, Tests!C$4:C989>=$B$18, Tests!C$4:C989<=$B$19, Tests!CK$4:CK989>0, Tests!P$4:P989=P56))"),7.0) -> 7
P57: =IFERROR(__xludf.DUMMYFUNCTION("""COMPUTED_VALUE"""),"Under Insulation") -> Under Insulation | Q57: =IFERROR(__xludf.DUMMYFUNCTION("COUNT(FILTER(Tests!C$4:C989, Tests!C$4:C989>=$B$18, Tests!C$4:C989<=$B$19, Tests!BS$4:BS989>0, Tests!P$4:P989=P57))"),0.0) -> 0 | R57: =IFERROR(__xludf.DUMMYFUNCTION("COUNT(FILTER(Tests!C$4:C989, Tests!C$4:C989>=$B$18, Tests!C$4:C989<=$B$19, Tests!BS$4:BS989=0, Tests!BS$4:BS989<>"""", Tests!P$4:P989=P57))"),13.0) -> 13 | S57: =Q57/(Q57+R57) -> 0 | T57: =IFERROR(__xludf.DUMMYFUNCTION("COUNT(FILTER(Tests!C$4:C989, Tests!C$4:C989>=$B$18, Tests!C$4:C989<=$B$19, Tests!CK$4:CK989>0, Tests!P$4:P989=P57))"),2.0) -> 2
P58: =IFERROR(__xludf.DUMMYFUNCTION("""COMPUTED_VALUE"""),"Valve") -> Valve | Q58: =IFERROR(__xludf.DUMMYFUNCTION("COUNT(FILTER(Tests!C$4:C989, Tests!C$4:C989>=$B$18, Tests!C$4:C989<=$B$19, Tests!BS$4:BS989>0, Tests!P$4:P989=P58))"),7.0) -> 7 | R58: =IFERROR(__xludf.DUMMYFUNCTION("COUNT(FILTER(Tests!C$4:C989, Tests!C$4:C989>=$B$18, Tests!C$4:C989<=$B$19, Tests!BS$4:BS989=0, Tests!BS$4:BS989<>"""", Tests!P$4:P989=P58))"),15.0) -> 15 | S58: =Q58/(Q58+R58) -> 0.31818182 | T58: =IFERROR(__xludf.DUMMYFUNCTION("COUNT(FILTER(Tests!C$4:C989, Tests!C$4:C989>=$B$18, Tests!C$4:C989<=$B$19, Tests!CK$4:CK989>0, Tests!P$4:P989=P58))"),7.0) -> 7
P59: =IFERROR(__xludf.DUMMYFUNCTION("""COMPUTED_VALUE"""),"Vertical piping") -> Vertical piping | Q59: =IFERROR(__xludf.DUMMYFUNCTION("COUNT(FILTER(Tests!C$4:C989, Tests!C$4:C989>=$B$18, Tests!C$4:C989<=$B$19, Tests!BS$4:BS989>0, Tests!P$4:P989=P59))"),15.0) -> 15 | R59: =IFERROR(__xludf.DUMMYFUNCTION("COUNT(FILTER(Tests!C$4:C989, Tests!C$4:C989>=$B$18, Tests!C$4:C989<=$B$19, Tests!BS$4:BS989=0, Tests!BS$4:BS989<>"""", Tests!P$4:P989=P59))"),18.0) -> 18 | S59: =Q59/(Q59+R59) -> 0.45454545 | T59: =IFERROR(__xludf.DUMMYFUNCTION("COUNT(FILTER(Tests!C$4:C989, Tests!C$4:C989>=$B$18, Tests!C$4:C989<=$B$19, Tests!CK$4:CK989>0, Tests!P$4:P989=P59))"),23.0) -> 23
P60: =IFERROR(__xludf.DUMMYFUNCTION("""COMPUTED_VALUE"""),"Vertical tubing") -> Vertical tubing | Q60: =IFERROR(__xludf.DUMMYFUNCTION("COUNT(FILTER(Tests!C$4:C989, Tests!C$4:C989>=$B$18, Tests!C$4:C989<=$B$19, Tests!BS$4:BS989>0, Tests!P$4:P989=P60))"),55.0) -> 55 | R60: =IFERROR(__xludf.DUMMYFUNCTION("COUNT(FILTER(Tests!C$4:C989, Tests!C$4:C989>=$B$18, Tests!C$4:C989<=$B$19, Tests!BS$4:BS989=0, Tests!BS$4:BS989<>"""", Tests!P$4:P989=P60))"),16.0) -> 16 | S60: =Q60/(Q60+R60) -> 0.77464789 | T60: =IFERROR(__xludf.DUMMYFUNCTION("COUNT(FILTER(Tests!C$4:C989, Tests!C$4:C989>=$B$18, Tests!C$4:C989<=$B$19, Tests!CK$4:CK989>0, Tests!P$4:P989=P60))"),47.0) -> 47

Sheet Tests
A1: DESCRIPTION | M1: INFORMATION FROM TOTAL | AT1: ANNOTATION (WAVELY) | CO1: CEREBRO
A2: campaign | B2: Week | C2: Day | D2: BLIND TEST | E2: Test N° | F2: Test number | G2: Release Start | H2: Release Start stabilized | I2: Release End | J2: Duration | K2: Release End | L2: Duration (hh:min) | M2: gas | N2: Localisation : North / South | O2: Leak equipment | P2: Leak Type / Location | Q2: Type of emission: Horizontal (H) Vertical (V) | R2: Leak localisation | U2: flowrate | W2: Expanded uncertainty U k=2 (95%) | Y2: Flow-meter | Z2: Valve | AA2: OP Valve | AB2: Nominal size of orifice (For the highest flowrate) | AC2: Internal diameter | AD2: Pressure | AE2: Comments | AF2: Ratio Qm/ID | AG2: Volumic Flowrate | AI2: Outlet ejection speed | AJ2: Qty per test | AL2: Total quantity per test (kg) | AT2: flowrate_class: 0-1 = Q<1 g/s; 1-10 = 1≤Q<10 g/s; 10+ = Q≥10 g/s | AU2: Multi | AV2: Capteur (distance) | BF2: Dist mini | BG2: Dist max | BH2: Model | BI2: Detection (CS Group; Y/N) | BS2: Dist mini | BT2: Dist max | BU2: Detected Start | BV2: Detection time | BW2: Localisation | CA2: Acoustics (spl, ultrasoundlevel; Y/N) | CK2: Dist mini | CL2: Dist max | CM2: Comment | CN2: Météo | CO2: detected sensors | CP2: acoustic emergence
G3: (local time) | H3: (local time) | I3: (local time) | R3: X (m) | S3: Y (m) | T3: Z (m) | U3: (g/s) | V3: (kg/h) | W3: (± g/s) | X3: (%) | AA3: (%) | AC3: (mm) | AD3: (bar) | AG3: (Nl/s) | AH3: (Nml/min) | AI3: (m/s) | AJ3: (kg) | AL3: CH4 | AM3: CO2 | AN3: N2 | AO3: C2H6 | AP3: C3H8 | AQ3: C4H8 | AR3: C4H10 | AS3: H2 | AU3: (Y/N) | AV3: 1 | AW3: 2 | AX3: 3 | AY3: 4 | AZ3: 5 | BA3: 6 | BB3: 7 | BC3: 8 | BD3: 9 | BE3: 10 | BF3: (m) | BG3: (m) | BH3: (version) | BI3: 41 | BJ3: 53 | BK3: 34 | BL3: 36 | BM3: 40 | BN3: 39 | BO3: 56 | BP3: 37 | BQ3: 38 | BR3: 30 | BS3: (m) | BT3: (m) | BV3: (s) | BW3: X (m) | BX3: Y (m) | BY3: Error (m) | BZ3: STD (m) | CA3: 1 | CB3: 2 | CC3: 3 | CD3: 4 | CE3: 5 | CF3: 6 | CG3: 7 | CH3: 8 | CI3: 9 | CJ3: 10 | CK3: (m) | CL3: (m)
A4: tadi_jun_2018 | C4: 43256 | F4: 44201 | G4: 0.44722222 | K4: 0.45 | L4: 0.16666667 | M4: N2 | O4: Fixed point | Q4: V | R4: (22,2;40;0,75) | U4: 8 | AB4: Canne 3/4" | AU4: N | BF4: =MIN(AV4:BE4) -> 0 | BG4: =MAX(AV4:BE4) -> 0 | BI4: N | BK4: N | BM4: N | BN4: N | BP4: N | BR4: Y | BS4: =MINIFS(AV4:BE4,BI4:BR4, "Y") -> 0 | BT4: =MAXIFS(AV4:BE4,BI4:BR4, "Y") -> 0 | CK4: =MINIFS(AV4:BE4,CA4:CJ4, "Y") -> 0 | CL4: =MAXIFS(AV4:BE4,CA4:CJ4, "Y") -> 0 | CM4: Débit oscillant entre 7,7 et 8,3 g/s
C5: 43256 | F5: 44232 | G5: 0.45347222 | K5: 0.45555556 | L5: 0.125 | M5: N2 | O5: Fixed point | Q5: V | R5: (22,2;40;0,75) | U5: 8 | AB5: Canne 3/4" | AU5: N | BF5: =MIN(AV5:BE5) -> 0 | BG5: =MAX(AV5:BE5) -> 0 | BI5: N | BK5: N | BM5: N | BN5: N | BP5: N | BR5: Y | BS5: =MINIFS(AV5:BE5,BI5:BR5, "Y") -> 0 | BT5: =MAXIFS(AV5:BE5,BI5:BR5, "Y") -> 0 | CK5: =MINIFS(AV5:BE5,CA5:CJ5, "Y") -> 0 | CL5: =MAXIFS(AV5:BE5,CA5:CJ5, "Y") -> 0 | CM5: Début de test : 14,5 bar 1 min : 7,7 – 7,8 g/s à la fin du test : 7,8 – 7,95 g/s
C6: 43256 | F6: 44260 | G6: 0.45833333 | K6: 0.46319444 | L6: 0.29166667 | M6: N2 | O6: Fixed point | Q6: V | R6: (22,2;40;0,75) | U6: 8 then 3 | AB6: Canne 3/4" | AU6: N | BF6: =MIN(AV6:BE6) -> 0 | BG6: =MAX(AV6:BE6) -> 0 | BI6: N | BK6: N | BM6: N | BN6: N | BP6: N | BR6: Y | BS6: =MINIFS(AV6:BE6,BI6:BR6, "Y") -> 0 | BT6: =MAXIFS(AV6:BE6,BI6:BR6, "Y") -> 0 | CK6: =MINIFS(AV6:BE6,CA6:CJ6, "Y") -> 0 | CL6: =MAXIFS(AV6:BE6,CA6:CJ6, "Y") -> 0 | CM6: 2 min : 8 g/s 3 min : Passage du débit de 8 g/s à 3 g/s Pas d'information sur la stabilisation du débit à 3g/s
C7: 43256 | F7: 44291 | G7: 0.47569444 | K7: 0.47777778 | L7: 0.125 | M7: N2 | O7: Fixed point | Q7: H | R7: (22,2;39,8;1,5) | U7: 8 | AB7: Canne 3/4" | AU7: N | BF7: =MIN(AV7:BE7) -> 0 | BG7: =MAX(AV7:BE7) -> 0 | BI7: Y | BK7: N | BM7: N | BN7: N | BP7: N | BR7: N | BS7: =MINIFS(AV7:BE7,BI7:BR7, "Y") -> 0 | BT7: =MAXIFS(AV7:BE7,BI7:BR7, "Y") -> 0 | CK7: =MINIFS(AV7:BE7,CA7:CJ7, "Y") -> 0 | CL7: =MAXIFS(AV7:BE7,CA7:CJ7, "Y") -> 0 | CM7: Rejet horizontal de direction Sud-nord Débit à environ 8 g/s
C8: 43256 | F8: 44321 | G8: 0.47986111 | K8: 0.48194444 | L8: 0.125 | M8: N2 | O8: Fixed point | Q8: H | R8: (22,2;39,8;1,5) | U8: 8 | AB8: Canne 3/4" | AU8: N | BF8: =MIN(AV8:BE8) -> 0 | BG8: =MAX(AV8:BE8) -> 0 | BI8: Y | BK8: Y | BM8: Y | BN8: Y | BP8: Y | BR8: Y | BS8: =MINIFS(AV8:BE8,BI8:BR8, "Y") -> 0 | BT8: =MAXIFS(AV8:BE8,BI8:BR8, "Y") -> 0 | CK8: =MINIFS(AV8:BE8,CA8:CJ8, "Y") -> 0 | CL8: =MAXIFS(AV8:BE8,CA8:CJ8, "Y") -> 0 | CM8: Test avec pluie Débit à environ 8 g/s
C9: 43256 | F9: 44352 | G9: 0.48333333 | K9: 0.48680556 | L9: 0.20833333 | M9: N2 | O9: Fixed point | Q9: H | R9: (22,2;39,8;1,5) | U9: 8 then 3 | AB9: Canne 3/4" | AU9: N | BF9: =MIN(AV9:BE9) -> 0 | BG9: =MAX(AV9:BE9) -> 0 | BI9: Y | BK9: Y | BM9: Y | BN9: Y | BP9: Y | BR9: Y | BS9: =MINIFS(AV9:BE9,BI9:BR9, "Y") -> 0 | BT9: =MAXIFS(AV9:BE9,BI9:BR9, "Y") -> 0 | CK9: =MINIFS(AV9:BE9,CA9:CJ9, "Y") -> 0 | CL9: =MAXIFS(AV9:BE9,CA9:CJ9, "Y") -> 0 | CM9: Test faisant passer de 8 g/s à 3 g/s 2 min : Débit de 8 g/s 2 min : début du passage à 3 g/s 4 min : débit stabilisé à 3 g/s
C10: 43256 | F10: 44382 | G10: 0.48888889 | K10: 0.49166667 | L10: 0.16666667 | M10: N2 | O10: Fixed point | Q10: H | R10: (22,2;39,8;1,5) | U10: BLIND TEST | AB10: Canne 3/4" | AU10: N | BF10: =MIN(AV10:BE10) -> 0 | BG10: =MAX(AV10:BE10) -> 0 | BI10: Y | BK10: Y | BM10: Y | BN10: Y | BP10: Y | BR10: Y | BS10: =MINIFS(AV10:BE10,BI10:BR10, "Y") -> 0 | BT10: =MAXIFS(AV10:BE10,BI10:BR10, "Y") -> 0 | CK10: =MINIFS(AV10:BE10,CA10:CJ10, "Y") -> 0 | CL10: =MAXIFS(AV10:BE10,CA10:CJ10, "Y") -> 0 | CM10: X
C11: 43256 | F11: 44413 | G11: 0.49444444 | K11: 0.50694444 | L11: 0.75 | M11: N2 | O11: Fixed point | Q11: H | R11: (22,2;39,8;1,5) | U11: [20;51] | AB11: Canne 3/4" | AU11: N | BF11: =MIN(AV11:BE11) -> 0 | BG11: =MAX(AV11:BE11) -> 0 | BI11: Y | BK11: Y | BM11: Y | BN11: Y | BP11: Y | BR11: Y | BS11: =MINIFS(AV11:BE11,BI11:BR11, "Y") -> 0 | BT11: =MAXIFS(AV11:BE11,BI11:BR11, "Y") -> 0 | CK11: =MINIFS(AV11:BE11,CA11:CJ11, "Y") -> 0 | CL11: =MAXIFS(AV11:BE11,CA11:CJ11, "Y") -> 0 | CM11: Début de test : 20 g/s 1 min : 15 g/s 2 min : 20 g/s 3 min : 25 g/s 8 min: 35 g/s 15 min : 51 g/s
C12: 43256 | F12: 44444 | G12: 0.61666667 | K12: 0.62777778 | L12: 0.66666667 | M12: N2 | O12: Fixed point | Q12: V | R12: (22,2;40;0,75) | U12: 3 | AB12: Cap 1mm | AU12: N | BF12: =MIN(AV12:BE12) -> 0 | BG12: =MAX(AV12:BE12) -> 0 | BI12: Y | BK12: Y | BM12: Y | BN12: Y | BP12: Y | BR12: Y | BS12: =MINIFS(AV12:BE12,BI12:BR12, "Y") -> 0 | BT12: =MAXIFS(AV12:BE12,BI12:BR12, "Y") -> 0 | CK12: =MINIFS(AV12:BE12,CA12:CJ12, "Y") -> 0 | CL12: =MAXIFS(AV12:BE12,CA12:CJ12, "Y") -> 0 | CM12: 1 min : 9 g/s 2 min : Débit fluctuant 14 min : 3 g/s stabilisé
C13: 43256 | F13: 44474 | G13: 0.62986111 | K13: Ø | M13: N2 | O13: Fixed point | Q13: V | R13: (22,2;40;0,75) | U13: 3 | AB13: Cap 1mm | BF13: =MIN(AV13:BE13) -> 0 | BG13: =MAX(AV13:BE13) -> 0 | BI13: Y | BK13: Y | BM13: Y | BN13: Y | BP13: Y | BR13: Y | BS13: =MINIFS(AV13:BE13,BI13:BR13, "Y") -> 0 | BT13: =MAXIFS(AV13:BE13,BI13:BR13, "Y") -> 0 | CK13: =MINIFS(AV13:BE13,CA13:CJ13, "Y") -> 0 | CL13: =MAXIFS(AV13:BE13,CA13:CJ13, "Y") -> 0 | CM13: 1 min : débit non stabilisé 2 min : Régulation à 3 g/s
C14: 43256 | F14: 44505 | G14: 0.64861111 | K14: 0.65625 | L14: 0.45833333 | M14: N2 | O14: Fixed point | Q14: V | R14: (22,2;40;0,75) | U14: 1 | AB14: Cap 1mm | AU14: N | BF14: =MIN(AV14:BE14) -> 0 | BG14: =MAX(AV14:BE14) -> 0 | BI14: Y | BK14: Y | BM14: Y | BN14: Y | BP14: Y | BR14: Y | BS14: =MINIFS(AV14:BE14,BI14:BR14, "Y") -> 0 | BT14: =MAXIFS(AV14:BE14,BI14:BR14, "Y") -> 0 | CK14: =MINIFS(AV14:BE14,CA14:CJ14, "Y") -> 0 | CL14: =MAXIFS(AV14:BE14,CA14:CJ14, "Y") -> 0 | CM14: 30 sec : régulation à 1 g/s
C15: 43256 | F15: 44535 | G15: 0.65694444 | K15: 0.65902778 | L15: 0.125 | M15: N2 | O15: Fixed point | Q15: H | R15: (21,2;39,8;1,5) | U15: 100 | AB15: Canne 2" | AU15: N | BF15: =MIN(AV15:BE15) -> 0 | BG15: =MAX(AV15:BE15) -> 0 | BI15: Y | BK15: Y | BM15: Y | BN15: Y | BP15: Y | BR15: Y | BS15: =MINIFS(AV15:BE15,BI15:BR15, "Y") -> 0 | BT15: =MAXIFS(AV15:BE15,BI15:BR15, "Y") -> 0 | CK15: =MINIFS(AV15:BE15,CA15:CJ15, "Y") -> 0 | CL15: =MAXIFS(AV15:BE15,CA15:CJ15, "Y") -> 0 | CM15: Audible depuis notre salle d’essai Débit environ de 22 g/s
C16: 43256 | F16: 05-13 | G16: 0.66458333 | K16: 0.66875 | L16: 0.25 | M16: N2 | O16: Fixed point | Q16: H | R16: (21,2;39,8;1,5) | U16: 50 | AB16: Canne 2" | AU16: N | BF16: =MIN(AV16:BE16) -> 0 | BG16: =MAX(AV16:BE16) -> 0 | BI16: Y | BK16: Y | BM16: Y | BN16: Y | BP16: Y | BR16: Y | BS16: =MINIFS(AV16:BE16,BI16:BR16, "Y") -> 0 | BT16: =MAXIFS(AV16:BE16,BI16:BR16, "Y") -> 0 | CK16: =MINIFS(AV16:BE16,CA16:CJ16, "Y") -> 0 | CL16: =MAXIFS(AV16:BE16,CA16:CJ16, "Y") -> 0 | CM16: Incertitude sur le débit car affichage à 10 g/s, peut-être 100 g/s Débit fluctuant en début de test 3 min : stabilisé à 11 g/s
C17: 43257 | F17: 06-14 | G17: 0.40763889 | K17: 0.41180556 | L17: 0.25 | M17: N2 | O17: Fixed point | Q17: V | R17: (22,2;40;0,75) | U17: 1.8 | AB17: Cap 1mm | AU17: N | BF17: =MIN(AV17:BE17) -> 0 | BG17: =MAX(AV17:BE17) -> 0 | BI17: Y | BK17: Y | BM17: Y | BN17: Y | BP17: Y | BR17: Y | BS17: =MINIFS(AV17:BE17,BI17:BR17, "Y") -> 0 | BT17: =MAXIFS(AV17:BE17,BI17:BR17, "Y") -> 0 | CK17: =MINIFS(AV17:BE17,CA17:CJ17, "Y") -> 0 | CL17: =MAXIFS(AV17:BE17,CA17:CJ17, "Y") -> 0 | CM17: 3 min : Débit stabilisé, oscille entre 1,8 et 1,85 g/s
C18: 43257 | F18: 06-15 | G18: 0.41388889 | K18: 0.41597222 | M18: N2 | O18: Fixed point | Q18: V | R18: (22,2;40;0,75) | U18: 1.7 | AB18: Cap 1mm | AU18: N | BF18: =MIN(AV18:BE18) -> 0 | BG18: =MAX(AV18:BE18) -> 0 | BI18: Y | BK18: Y | BM18: Y | BN18: Y | BP18: Y | BR18: Y | BS18: =MINIFS(AV18:BE18,BI18:BR18, "Y") -> 0 | BT18: =MAXIFS(AV18:BE18,BI18:BR18, "Y") -> 0 | CK18: =MINIFS(AV18:BE18,CA18:CJ18, "Y") -> 0 | CL18: =MAXIFS(AV18:BE18,CA18:CJ18, "Y") -> 0 | CM18: En début de test : 1 g/s 1 min : oscillation autour de 1,75 g/s Débit ensuite stabilisé entre 1,70 et 1,75 g/s avec parfois de petites oscillations autour de 1,60 et 1,70 g/s
C19: 43257 | F19: 06-16 | G19: 0.41805556 | K19: 0.42083333 | L19: 0.16666667 | M19: N2 | O19: Fixed point | Q19: V | R19: (22,2;40;0,75) | U19: 2.2 | AB19: Cap 1mm | AU19: N | BF19: =MIN(AV19:BE19) -> 0 | BG19: =MAX(AV19:BE19) -> 0 | BI19: Y | BK19: Y | BM19: Y | BN19: Y | BP19: Y | BR19: Y | BS19: =MINIFS(AV19:BE19,BI19:BR19, "Y") -> 0 | BT19: =MAXIFS(AV19:BE19,BI19:BR19, "Y") -> 0 | CK19: =MINIFS(AV19:BE19,CA19:CJ19, "Y") -> 0 | CL19: =MAXIFS(AV19:BE19,CA19:CJ19, "Y") -> 0 | CM19: Déroulement : premier palier 50% puis à 100% d'ouverture vanne 30 sec : 70% 1 min : 100% Débit de 2,2 g/s à 2,3 g/s stabilisé
C20: 43257 | F20: 06-17 | G20: 0.42152778 | K20: 0.42361111 | L20: 0.125 | M20: N2 | O20: Fixed point | Q20: V | R20: (22,2;40;0,75) | U20: 0.8 | AB20: Cap 1mm | AU20: N | BF20: =MIN(AV20:BE20) -> 0 | BG20: =MAX(AV20:BE20) -> 0 | BI20: Y | BK20: Y | BM20: Y | BN20: Y | BP20: Y | BR20: Y | BS20: =MINIFS(AV20:BE20,BI20:BR20, "Y") -> 0 | BT20: =MAXIFS(AV20:BE20,BI20:BR20, "Y") -> 0 | CK20: =MINIFS(AV20:BE20,CA20:CJ20, "Y") -> 0 | CL20: =MAXIFS(AV20:BE20,CA20:CJ20, "Y") -> 0 | CM20: 1 min : 30% d’ouverture vanne 2 min : 0,8 g/s avec fluctuations 3 min : 0,7 à 0,9 g/s
C21: 43257 | F21: 06-18 | G21: 0.42847222 | K21: 0.43402778 | L21: 0.33333333 | M21: N2 | O21: Fixed point | Q21: H | R21: (21,2;39,8;1,5) | U21: 46 | AB21: Canne 2" | AU21: Y | BF21: =MIN(AV21:BE21) -> 0 | BG21: =MAX(AV21:BE21) -> 0 | BI21: Y | BK21: Y | BM21: Y | BN21: Y | BP21: Y | BR21: Y | BS21: =MINIFS(AV21:BE21,BI21:BR21, "Y") -> 0 | BT21: =MAXIFS(AV21:BE21,BI21:BR21, "Y") -> 0 | CK21: =MINIFS(AV21:BE21,CA21:CJ21, "Y") -> 0 | CL21: =MAXIFS(AV21:BE21,CA21:CJ21, "Y") -> 0 | CM21: Début du test à 20% d’ouverture avec augmentation progressive 1 min : 38 g/s à 20% d’ouverture 2 min : 45 g/s 3 min : passage de 15 bar à 9 bar, baisse du débit à 37 g/s 4 min : 33 g/s à 8 bar avec incertitude de ± 1 g/s Stabilisation de la pression en cours de réalisation 5 min : 10 bar, 40 g/s 6 min : 11,25 bar, 45 g/s 7 min : Pression stabilisé à 12 bar, débit de 46 à 47 g/s
C22: 43257 | F22: 06-19 | G22: 0.42847222 | K22: 0.44097222 | L22: 0.75 | M22: N2 | O22: Fixed point | Q22: H | R22: (21,2;39,8;1,5) | U22: 100 | AB22: Canne 2" | AU22: Y | BF22: =MIN(AV22:BE22) -> 0 | BG22: =MAX(AV22:BE22) -> 0 | BI22: Y | BK22: Y | BM22: Y | BN22: Y | BP22: Y | BR22: Y | BS22: =MINIFS(AV22:BE22,BI22:BR22, "Y") -> 0 | BT22: =MAXIFS(AV22:BE22,BI22:BR22, "Y") -> 0 | CK22: =MINIFS(AV22:BE22,CA22:CJ22, "Y") -> 0 | CL22: =MAXIFS(AV22:BE22,CA22:CJ22, "Y") -> 0 | CM22: Débit après : En début de test : 65 g/s 1 min : environ 30% d’ouverture 2 min : 65 g/s, 9,8 bar 2 min et 30 secondes : 72 g/s, 11 bar 4 min : 81 g/s 4 min 30 secondes : 94 g/s 5 min : oscillations entre 10 et 11 bar, 97 g/s A la fin du test : débit entre 97 et 105 g/s (maximum atteint)
C23: 43257 | F23: 06-20 | G23: 0.45902778 | K23: 0.4625 | L23: 0.20833333 | M23: N2 | O23: Fixed point | Q23: V | R23: (22,2;40;0,75) | U23: 8 | AB23: Canne 3/4" | AU23: N | BF23: =MIN(AV23:BE23) -> 0 | BG23: =MAX(AV23:BE23) -> 0 | BI23: Y | BK23: Y | BM23: Y | BN23: Y | BP23: Y | BR23: Y | BS23: =MINIFS(AV23:BE23,BI23:BR23, "Y") -> 0 | BT23: =MAXIFS(AV23:BE23,BI23:BR23, "Y") -> 0 | CK23: =MINIFS(AV23:BE23,CA23:CJ23, "Y") -> 0 | CL23: =MAXIFS(AV23:BE23,CA23:CJ23, "Y") -> 0 | CM23: 1 min : 2 g/s Augmentation progressive du débit 2 min : 3 g/s 3 min : 6 g/s 4 min : 7,9 g/s
C24: 43257 | F24: 06-21 | G24: 0.46597222 | K24: 0.46875 | L24: 0.16666667 | M24: N2 | O24: Fixed point | Q24: V | R24: (22,2;40;0,75) | U24: 8 | AB24: Canne 3/4" | AU24: N | BF24: =MIN(AV24:BE24) -> 0 | BG24: =MAX(AV24:BE24) -> 0 | BI24: Y | BK24: Y | BM24: Y | BN24: Y | BP24: Y | BR24: Y | BS24: =MINIFS(AV24:BE24,BI24:BR24, "Y") -> 0 | BT24: =MAXIFS(AV24:BE24,BI24:BR24, "Y") -> 0 | CK24: =MINIFS(AV24:BE24,CA24:CJ24, "Y") -> 0 | CL24: =MAXIFS(AV24:BE24,CA24:CJ24, "Y") -> 0 | CM24: Débit pas encore stable à 8,4 g/s 2 min : 8,5 g/s, réaction à la suite de ce débit : régulation à 8 g/s Stabilisé entre 7,9 et 8 g/s
C25: 43257 | F25: 06-22 | G25: 0.47222222 | K25: 0.475 | L25: 0.16666667 | M25: N2 | O25: Fixed point | Q25: V | R25: (22,2;40;0,75) | U25: 7.6 | AB25: Canne 8mm | AU25: N | BF25: =MIN(AV25:BE25) -> 0 | BG25: =MAX(AV25:BE25) -> 0 | BI25: Y | BK25: Y | BM25: Y | BN25: Y | BP25: Y | BR25: Y | BS25: =MINIFS(AV25:BE25,BI25:BR25, "Y") -> 0 | BT25: =MAXIFS(AV25:BE25,BI25:BR25, "Y") -> 0 | CK25: =MINIFS(AV25:BE25,CA25:CJ25, "Y") -> 0 | CL25: =MAXIFS(AV25:BE25,CA25:CJ25, "Y") -> 0 | CM25: En début de test : 8 g/s 3 min : 7,6 et 7,7 g/s
C26: 43257 | F26: 06-23 | G26: Ø | K26: 0.48888889 | M26: N2 | O26: Fixed point | Q26: V | R26: (22,2;40;0,75) | U26: 3 | AB26: Canne 4mm | AU26: N | BF26: =MIN(AV26:BE26) -> 0 | BG26: =MAX(AV26:BE26) -> 0 | BI26: Y | BK26: Y | BM26: Y | BN26: Y | BP26: Y | BR26: Y | BS26: =MINIFS(AV26:BE26,BI26:BR26, "Y") -> 0 | BT26: =MAXIFS(AV26:BE26,BI26:BR26, "Y") -> 0 | CK26: =MINIFS(AV26:BE26,CA26:CJ26, "Y") -> 0 | CL26: =MAXIFS(AV26:BE26,CA26:CJ26, "Y") -> 0 | CM26: 1 min : 1,8 g/s 2 min : 3 g/s
C27: 43257 | F27: 06-24 | G27: 0.49027778 | K27: 0.49166667 | L27: 0.083333333 | M27: N2 | O27: Fixed point | Q27: V | R27: (22,2;40;0,75) | U27: 3 | AB27: Canne 4mm | AU27: N | BF27: =MIN(AV27:BE27) -> 0 | BG27: =MAX(AV27:BE27) -> 0 | BI27: Y | BK27: Y | BM27: Y | BN27: Y | BP27: Y | BR27: Y | BS27: =MINIFS(AV27:BE27,BI27:BR27, "Y") -> 0 | BT27: =MAXIFS(AV27:BE27,BI27:BR27, "Y") -> 0 | CK27: =MINIFS(AV27:BE27,CA27:CJ27, "Y") -> 0 | CL27: =MAXIFS(AV27:BE27,CA27:CJ27, "Y") -> 0 | CM27: Alarme et passage de camion 1 min : 3 g/s
C28: 43257 | F28: 06-25 | G28: 0.49444444 | K28: 0.49652778 | L28: 0.125 | M28: N2 | O28: Fixed point | Q28: V | R28: (22,2;40;0,75) | U28: 3 | AB28: Cap 4mm | AU28: N | BF28: =MIN(AV28:BE28) -> 0 | BG28: =MAX(AV28:BE28) -> 0 | BI28: Y | BK28: Y | BM28: Y | BN28: Y | BP28: Y | BR28: Y | BS28: =MINIFS(AV28:BE28,BI28:BR28, "Y") -> 0 | BT28: =MAXIFS(AV28:BE28,BI28:BR28, "Y") -> 0 | CK28: =MINIFS(AV28:BE28,CA28:CJ28, "Y") -> 0 | CL28: =MAXIFS(AV28:BE28,CA28:CJ28, "Y") -> 0 | CM28: 1 min : entre 3 et 3,5 g/s 2 min : Débit stable à 3 g/s
C29: 43257 | F29: 06-26 | G29: Ø | K29: 0.50416667 | M29: N2 | O29: Fixed point | Q29: V | R29: (22,2;40;0,75) | U29: 1.5 | AB29: Cap 4mm | AU29: N | BF29: =MIN(AV29:BE29) -> 0 | BG29: =MAX(AV29:BE29) -> 0 | BI29: Y | BK29: N | BM29: N | BN29: Y | BP29: N | BR29: Y | BS29: =MINIFS(AV29:BE29,BI29:BR29, "Y") -> 0 | BT29: =MAXIFS(AV29:BE29,BI29:BR29, "Y") -> 0 | CK29: =MINIFS(AV29:BE29,CA29:CJ29, "Y") -> 0 | CL29: =MAXIFS(AV29:BE29,CA29:CJ29, "Y") -> 0 | CM29: Débit autour de 1,6 g/s
C30: 43257 | F30: 06-27 | G30: 0.61597222 | K30: 0.61875 | L30: 0.16666667 | M30: N2 | O30: Tank A | Q30: 45° | R30: (7,5;11,3;0,55) | U30: 2.4 | AB30: Cap 1mm | AU30: N | BF30: =MIN(AV30:BE30) -> 0 | BG30: =MAX(AV30:BE30) -> 0 | BI30: Y | BK30: Y | BM30: Y | BN30: Y | BP30: Y | BR30: Y | BS30: =MINIFS(AV30:BE30,BI30:BR30, "Y") -> 0 | BT30: =MAXIFS(AV30:BE30,BI30:BR30, "Y") -> 0 | CK30: =MINIFS(AV30:BE30,CA30:CJ30, "Y") -> 0 | CL30: =MAXIFS(AV30:BE30,CA30:CJ30, "Y") -> 0 | CM30: Fuite en direction de la cuve pour le tank A, angle de 45°, distance à la cuve 15 cm 1 min : 1,6 g/s 2 min : 2,4 g/s 3 min : 2,4 g/s stabilisé
C31: 43257 | F31: 06-28 | G31: 0.62222222 | K31: 0.62430556 | L31: 0.125 | M31: N2 | O31: Tank A | Q31: 45° | R31: (7,5;11,3;0,55) | U31: 2.3 | AB31: Cap 1mm | AU31: N | BF31: =MIN(AV31:BE31) -> 0 | BG31: =MAX(AV31:BE31) -> 0 | BI31: Y | BK31: Y | BM31: Y | BN31: Y | BP31: Y | BR31: Y | BS31: =MINIFS(AV31:BE31,BI31:BR31, "Y") -> 0 | BT31: =MAXIFS(AV31:BE31,BI31:BR31, "Y") -> 0 | CK31: =MINIFS(AV31:BE31,CA31:CJ31, "Y") -> 0 | CL31: =MAXIFS(AV31:BE31,CA31:CJ31, "Y") -> 0 | CM31: 1 min : entre 2,2 et 2,3 g/s (confirmé par deux débitmètres)
C32: 43257 | F32: 06-29 | G32: 0.62569444 | K32: 0.62777778 | L32: 0.125 | M32: N2 | O32: Tank A | Q32: 45° | R32: (7,5;11,3;0,55) | U32: 1.7 | AB32: Cap 1mm | AU32: N | BF32: =MIN(AV32:BE32) -> 0 | BG32: =MAX(AV32:BE32) -> 0 | BI32: Y | BK32: Y | BM32: Y | BN32: Y | BP32: Y | BR32: Y | BS32: =MINIFS(AV32:BE32,BI32:BR32, "Y") -> 0 | BT32: =MAXIFS(AV32:BE32,BI32:BR32, "Y") -> 0 | CK32: =MINIFS(AV32:BE32,CA32:CJ32, "Y") -> 0 | CL32: =MAXIFS(AV32:BE32,CA32:CJ32, "Y") -> 0 | CM32: 2 min : 1,7 g/s stabilisé
C33: 43257 | F33: 06-30 | G33: 0.62916667 | K33: 0.63263889 | L33: 0.20833333 | M33: N2 | O33: Tank A | Q33: 45° | R33: (7,5;11,3;0,55) | U33: 0.8 | AB33: Cap 1mm | AU33: N | BF33: =MIN(AV33:BE33) -> 0 | BG33: =MAX(AV33:BE33) -> 0 | BI33: Y | BK33: Y | BM33: Y | BN33: Y | BP33: Y | BR33: Y | BS33: =MINIFS(AV33:BE33,BI33:BR33, "Y") -> 0 | BT33: =MAXIFS(AV33:BE33,BI33:BR33, "Y") -> 0 | CK33: =MINIFS(AV33:BE33,CA33:CJ33, "Y") -> 0 | CL33: =MAXIFS(AV33:BE33,CA33:CJ33, "Y") -> 0 | CM33: 1 min : à 1,3 g/s, réaction suite à ce débit : régulation 3 min : 0,8 à 0,9 g/s 4 min : stabilisé entre 0,8 et 0,85 g/s
C34: 43257 | F34: 06-31 | G34: 0.64652778 | K34: 0.64930556 | L34: 0.16666667 | M34: N2 | O34: Tank A | Q34: 45° | R34: (7,5;11,3;0,55) | U34: 0.55 | AB34: Cap 0,5mm | AU34: N | BF34: =MIN(AV34:BE34) -> 0 | BG34: =MAX(AV34:BE34) -> 0 | BI34: Y | BK34: Y | BM34: Y | BN34: Y | BP34: Y | BR34: Y | BS34: =MINIFS(AV34:BE34,BI34:BR34, "Y") -> 0 | BT34: =MAXIFS(AV34:BE34,BI34:BR34, "Y") -> 0 | CK34: =MINIFS(AV34:BE34,CA34:CJ34, "Y") -> 0 | CL34: =MAXIFS(AV34:BE34,CA34:CJ34, "Y") -> 0 | CM34: 1 min : 0,5 à 0,6 g/s 2 min : 0,6 g/s, 13 bar 3 min : stabilisé à 0,55 g/s
C35: 43257 | F35: 06-32 | G35: 0.65833333 | K35: 0.66666667 | L35: 0.5 | M35: N2 | O35: Tank A | Q35: 45° | R35: (7,5;11,3;0,55) | U35: 0.45 | AB35: Cap 0,5mm | AU35: N | BF35: =MIN(AV35:BE35) -> 0 | BG35: =MAX(AV35:BE35) -> 0 | BI35: Y | BK35: Y | BM35: Y | BN35: Y | BP35: Y | BR35: Y | BS35: =MINIFS(AV35:BE35,BI35:BR35, "Y") -> 0 | BT35: =MAXIFS(AV35:BE35,BI35:BR35, "Y") -> 0 | CK35: =MINIFS(AV35:BE35,CA35:CJ35, "Y") -> 0 | CL35: =MAXIFS(AV35:BE35,CA35:CJ35, "Y") -> 0 | CM35: 1 min : 12,7 bar, 0,55 g/s 3 minutes : 0,42 g/s 4 min : 0,33 g/s, 7,7 bar 11 min : 0,45 g/s
C36: 43257 | F36: 06-33 | G36: 0.67916667 | K36: 0.68402778 | L36: 0.29166667 | M36: N2 | O36: Tank A | Q36: 45° | R36: (7,5;11,3;0,55) | U36: 2.3 | AB36: Cap 4mm | AU36: N | BF36: =MIN(AV36:BE36) -> 0 | BG36: =MAX(AV36:BE36) -> 0 | BI36: Y | BK36: Y | BM36: Y | BN36: Y | BP36: Y | BR36: Y | BS36: =MINIFS(AV36:BE36,BI36:BR36, "Y") -> 0 | BT36: =MAXIFS(AV36:BE36,BI36:BR36, "Y") -> 0 | CK36: =MINIFS(AV36:BE36,CA36:CJ36, "Y") -> 0 | CL36: =MAXIFS(AV36:BE36,CA36:CJ36, "Y") -> 0 | CM36: 1 min : 5 g/s 3 min : 1,3 bar, 4 g/s 4 min : 3,3 g/s, 1 bar 5 min : 2,3 et 2,4 g/s stabilisé, 0,5 - 0,6 bar stabilisé
C37: 43257 | F37: 06-34 | G37: 0.68680556 | K37: 0.69166667 | L37: 0.29166667 | M37: N2 | O37: Pipe Rack | Q37: V | R37: (18;6;0,6) | U37: 1.6 | AB37: Cap 1mm | AU37: N | BF37: =MIN(AV37:BE37) -> 0 | BG37: =MAX(AV37:BE37) -> 0 | BI37: Y | BK37: Y | BM37: Y | BN37: Y | BP37: Y | BR37: Y | BS37: =MINIFS(AV37:BE37,BI37:BR37, "Y") -> 0 | BT37: =MAXIFS(AV37:BE37,BI37:BR37, "Y") -> 0 | CK37: =MINIFS(AV37:BE37,CA37:CJ37, "Y") -> 0 | CL37: =MAXIFS(AV37:BE37,CA37:CJ37, "Y") -> 0 | CM37: 3 min : Débit bloqué à 1,7 g/s, 9 bar Aucune amélioration possible du débit, stable à 1,6 g/s
C38: 43257 | F38: 06-35 | G38: 0.69652778 | K38: 0.69861111 | L38: 0.125 | M38: N2 | O38: Pipe Rack | Q38: V | R38: (18;6;0,6) | U38: 0.45 | AB38: Cap 0,5mm | AU38: N | BF38: =MIN(AV38:BE38) -> 0 | BG38: =MAX(AV38:BE38) -> 0 | BI38: Y | BK38: Y | BM38: Y | BN38: Y | BP38: Y | BR38: Y | BS38: =MINIFS(AV38:BE38,BI38:BR38, "Y") -> 0 | BT38: =MAXIFS(AV38:BE38,BI38:BR38, "Y") -> 0 | CK38: =MINIFS(AV38:BE38,CA38:CJ38, "Y") -> 0 | CL38: =MAXIFS(AV38:BE38,CA38:CJ38, "Y") -> 0 | CM38: 1 min : 0,45 g/s 2 min : 8,9 bar
C39: 43257 | F39: 06-36 | G39: 0.70486111 | K39: Ø | M39: N2 | O39: Pipe Rack | Q39: V | R39: (18;6;0,6) | U39: 0.3 | AB39: Cap 0,5mm | BF39: =MIN(AV39:BE39) -> 0 | BG39: =MAX(AV39:BE39) -> 0 | BI39: Y | BK39: Y | BM39: Y | BN39: Y | BP39: Y | BR39: Y | BS39: =MINIFS(AV39:BE39,BI39:BR39, "Y") -> 0 | BT39: =MAXIFS(AV39:BE39,BI39:BR39, "Y") -> 0 | CK39: =MINIFS(AV39:BE39,CA39:CJ39, "Y") -> 0 | CL39: =MAXIFS(AV39:BE39,CA39:CJ39, "Y") -> 0 | CM39: 2 min : 0,37 g/s, 7,3 bar 3 min : 0,37 g/s stabilisé, 7 bar 7 min : 0,30 g/s, 6 bar
C40: 43258 | F40: 07-37 | G40: 0.42777778 | K40: 0.43194444 | L40: 0.25 | M40: N2 | O40: Pipe Rack | Q40: V | R40: (18;6;0,6) | U40: <0,3 | AB40: Cap 0,5mm | AU40: N | BF40: =MIN(AV40:BE40) -> 0 | BG40: =MAX(AV40:BE40) -> 0 | BI40: Y | BK40: N | BM40: Y | BN40: Y | BP40: Y | BR40: N | BS40: =MINIFS(AV40:BE40,BI40:BR40, "Y") -> 0 | BT40: =MAXIFS(AV40:BE40,BI40:BR40, "Y") -> 0 | CK40: =MINIFS(AV40:BE40,CA40:CJ40, "Y") -> 0 | CL40: =MAXIFS(AV40:BE40,CA40:CJ40, "Y") -> 0 | CM40: 1 min : 3,5 bar 2 min : 2,5 bar 3 min : 2,3 bar 4 min : 2,05 -2,1 bar 5min : 2,02 bar 6 min : 1,99 bar Il n’est pas possible de lire le débit en dessous de 0,3 g/s
C41: 43258 | F41: 07-38 | G41: 0.43472222 | K41: 0.43819444 | L41: 0.20833333 | M41: N2 | O41: Pipe Rack | Q41: V | R41: (18;6;0,6) | U41: <0,3 | AB41: Cap 0,5mm | AU41: N | BF41: =MIN(AV41:BE41) -> 0 | BG41: =MAX(AV41:BE41) -> 0 | BI41: Y | BK41: N | BM41: Y | BN41: Y | BP41: Y | BR41: Y | BS41: =MINIFS(AV41:BE41,BI41:BR41, "Y") -> 0 | BT41: =MAXIFS(AV41:BE41,BI41:BR41, "Y") -> 0 | CK41: =MINIFS(AV41:BE41,CA41:CJ41, "Y") -> 0 | CL41: =MAXIFS(AV41:BE41,CA41:CJ41, "Y") -> 0 | CM41: 1 min : 3,7 bar 2 min : 4 bar 4 min : Pression stabilisé à 3,99 bar
C42: 43258 | F42: 07-39 | G42: 0.44583333 | K42: 0.44930556 | L42: 0.20833333 | M42: N2 | O42: Pipe Rack | Q42: V | R42: (18;6;0,6) | U42: <0,3 | AB42: Cap 0,5mm | AU42: N | BF42: =MIN(AV42:BE42) -> 0 | BG42: =MAX(AV42:BE42) -> 0 | BM42: NO DATA | BS42: =MINIFS(AV42:BE42,BI42:BR42, "Y") -> 0 | BT42: =MAXIFS(AV42:BE42,BI42:BR42, "Y") -> 0 | CK42: =MINIFS(AV42:BE42,CA42:CJ42, "Y") -> 0 | CL42: =MAXIFS(AV42:BE42,CA42:CJ42, "Y") -> 0 | CM42: 1 min : 5,6 bar 2 min : 5,9 bar 3 min : 6 bar stabilisé Débit stabilisé toujours inférieur à 0,3 g/s
C43: 43258 | F43: 07-40 | G43: 0.45347222 | K43: 0.46111111 | L43: 0.45833333 | M43: N2 | O43: Pipe Rack | Q43: V | R43: (18;6;0,6) | U43: 0.37 | AB43: Cap 0,5mm | AU43: N | BF43: =MIN(AV43:BE43) -> 0 | BG43: =MAX(AV43:BE43) -> 0 | BI43: Y | BK43: Y | BM43: Y | BN43: Y | BP43: Y | BR43: Y | BS43: =MINIFS(AV43:BE43,BI43:BR43, "Y") -> 0 | BT43: =MAXIFS(AV43:BE43,BI43:BR43, "Y") -> 0 | CK43: =MINIFS(AV43:BE43,CA43:CJ43, "Y") -> 0 | CL43: =MAXIFS(AV43:BE43,CA43:CJ43, "Y") -> 0 | CM43: 2 min : 0,3 g/s, 6,2 bar 4 min : 6,5 bar 7 min : 6,9 bar 8 min : 7 bar Toujours aucune lecture sur le débit 9 min : 7,2 bar 10 min : 0,37 g/s, 7,2 bar
C44: 43258 | F44: 07-41 | G44: 0.48055556 | K44: 0.48472222 | L44: 0.25 | M44: N2 | O44: Pipe Rack Corroded pipe | Q44: V | R44: (17,5;5,8;0,75) | U44: 6 | AB44: Corrosion hole | AU44: N | BF44: =MIN(AV44:BE44) -> 0 | BG44: =MAX(AV44:BE44) -> 0 | BI44: Y | BK44: Y | BM44: Y | BN44: Y | BP44: Y | BR44: Y | BS44: =MINIFS(AV44:BE44,BI44:BR44, "Y") -> 0 | BT44: =MAXIFS(AV44:BE44,BI44:BR44, "Y") -> 0 | CK44: =MINIFS(AV44:BE44,CA44:CJ44, "Y") -> 0 | CL44: =MAXIFS(AV44:BE44,CA44:CJ44, "Y") -> 0 | CM44: 1 min : 2 bar, 6 g/s 3 min : 2 bar, 5,8 g/s 5 min : 5,8 g/s, 1,35 bar Sans et avec Manitou x: 30 ; y= 2,5
C45: 43258 | F45: 07-42 | G45: 0.48888889 | K45: 0.49583333 | L45: 0.41666667 | M45: N2 | O45: Pipe Rack Corroded pipe | Q45: V | R45: (17,5;5,8;0,75) | U45: 3.7 | AB45: Corrosion hole | AU45: N | BF45: =MIN(AV45:BE45) -> 0 | BG45: =MAX(AV45:BE45) -> 0 | BI45: Y | BK45: Y | BM45: Y | BN45: Y | BP45: Y | BR45: Y | BS45: =MINIFS(AV45:BE45,BI45:BR45, "Y") -> 0 | BT45: =MAXIFS(AV45:BE45,BI45:BR45, "Y") -> 0 | CK45: =MINIFS(AV45:BE45,CA45:CJ45, "Y") -> 0 | CL45: =MAXIFS(AV45:BE45,CA45:CJ45, "Y") -> 0 | CM45: 2 min : 1,2 bar, 4 g/s 3 min : 1,1 g/s , 3,8 bar 4 min : 3,65 et 3,7 g/s, 1 bar Sans et avec Manitou
C46: 43258 | F46: 07-43 | G46: Ø | K46: 0.60416667 | M46: N2 | O46: Insulated casing box 25cm inside | R46: (20,6;4;0,8) | U46: 1.87 | AB46: Cap 1mm | AU46: N | BF46: =MIN(AV46:BE46) -> 0 | BG46: =MAX(AV46:BE46) -> 0 | BI46: Y | BK46: N | BL46: Y | BM46: N | BN46: Y | BP46: Y | BR46: N | BS46: =MINIFS(AV46:BE46,BI46:BR46, "Y") -> 0 | BT46: =MAXIFS(AV46:BE46,BI46:BR46, "Y") -> 0 | CK46: =MINIFS(AV46:BE46,CA46:CJ46, "Y") -> 0 | CL46: =MAXIFS(AV46:BE46,CA46:CJ46, "Y") -> 0 | CM46: Début sans Manitou Puis démarrage du camion en bruit de fond Puis coupure du camion générant du bruit Avant la fin : 1,87 g/s, 11,8 bar
C47: 43258 | F47: 07-44 | G47: 0.60625 | K47: 0.61180556 | L47: 0.33333333 | M47: N2 | O47: Insulated casing box 25cm inside | R47: (20,6;4;0,8) | U47: 0.85 | AB47: Cap 1mm | AU47: N | BF47: =MIN(AV47:BE47) -> 0 | BG47: =MAX(AV47:BE47) -> 0 | BI47: Y | BK47: N | BL47: Y | BM47: N | BN47: Y | BP47: Y | BR47: Y | BS47: =MINIFS(AV47:BE47,BI47:BR47, "Y") -> 0 | BT47: =MAXIFS(AV47:BE47,BI47:BR47, "Y") -> 0 | CK47: =MINIFS(AV47:BE47,CA47:CJ47, "Y") -> 0 | CL47: =MAXIFS(AV47:BE47,CA47:CJ47, "Y") -> 0 | CM47: 1 min : 1,7 g/s 2 min : 1,3 g/s 3 min : 1,1 g/s, entre 5,5 et 6 bar 5 min : 0,85 g/s, 4,8 bar en étant stable 6 min : démarrage du véhicule générant du bruit 7 min : coupure du camion
C48: 43258 | F48: 07-45 | G48: 0.62291667 | K48: 0.62638889 | L48: 0.20833333 | M48: N2 | O48: Insulated tank A 50 cm inside | R48: (10,6,9,0,5) | U48: 0.81 | AB48: Cap 1mm | AU48: N | BF48: =MIN(AV48:BE48) -> 0 | BG48: =MAX(AV48:BE48) -> 0 | BI48: N | BK48: N | BL48: N | BM48: N | BN48: N | BP48: N | BR48: N | BS48: =MINIFS(AV48:BE48,BI48:BR48, "Y") -> 0 | BT48: =MAXIFS(AV48:BE48,BI48:BR48, "Y") -> 0 | CK48: =MINIFS(AV48:BE48,CA48:CJ48, "Y") -> 0 | CL48: =MAXIFS(AV48:BE48,CA48:CJ48, "Y") -> 0 | CM48: 30 sec : 1,1 g/s 1 min : 1 g/s 2 min : 0,9 g/s, non stabilisé 3 min : 0,81 g/s, 4,6 bar stabilisé 5 min : 0,8 g/s, 4,5 bar
C49: 43258 | F49: 07-46 | G49: 0.62916667 | K49: 0.63194444 | L49: 0.16666667 | M49: N2 | O49: Insulated tank A 50 cm inside | R49: (10,6,9,0,5) | U49: 1.05 | AB49: Cap 1mm | AU49: N | BF49: =MIN(AV49:BE49) -> 0 | BG49: =MAX(AV49:BE49) -> 0 | BI49: N | BK49: N | BL49: N | BM49: N | BN49: N | BP49: N | BR49: N | BS49: =MINIFS(AV49:BE49,BI49:BR49, "Y") -> 0 | BT49: =MAXIFS(AV49:BE49,BI49:BR49, "Y") -> 0 | CK49: =MINIFS(AV49:BE49,CA49:CJ49, "Y") -> 0 | CL49: =MAXIFS(AV49:BE49,CA49:CJ49, "Y") -> 0 | CM49: 1 min : 1 g/s 4 min : Stabilisé à 1,05 g/s, 6,2 bar
C50: 43258 | F50: 07-47 | G50: 0.63263889 | K50: 0.63541667 | L50: 0.16666667 | M50: N2 | O50: Insulated tank A 50 cm inside | R50: (10,6,9,0,5) | U50: 1.8 | AB50: Cap 1mm | AU50: N | BF50: =MIN(AV50:BE50) -> 0 | BG50: =MAX(AV50:BE50) -> 0 | BI50: N | BK50: N | BL50: N | BM50: N | BN50: N | BP50: N | BR50: N | BS50: =MINIFS(AV50:BE50,BI50:BR50, "Y") -> 0 | BT50: =MAXIFS(AV50:BE50,BI50:BR50, "Y") -> 0 | CK50: =MINIFS(AV50:BE50,CA50:CJ50, "Y") -> 0 | CL50: =MAXIFS(AV50:BE50,CA50:CJ50, "Y") -> 0 | CM50: Pour cet essai, pas de coupure de vanne, augmentation de pression progressive 4 min : 11 bar, 1,8 g/s
C51: 43258 | F51: 07-48 | G51: 0.64375 | K51: 0.64652778 | L51: 0.16666667 | M51: N2 | O51: Stake 6m high | Q51: V | R51: (16,2;6;6) | U51: 1.85 | AB51: Cap 1mm | AU51: N | BF51: =MIN(AV51:BE51) -> 0 | BG51: =MAX(AV51:BE51) -> 0 | BI51: Y | BK51: Y | BL51: Y | BM51: Y | BN51: Y | BP51: Y | BR51: Y | BS51: =MINIFS(AV51:BE51,BI51:BR51, "Y") -> 0 | BT51: =MAXIFS(AV51:BE51,BI51:BR51, "Y") -> 0 | CK51: =MINIFS(AV51:BE51,CA51:CJ51, "Y") -> 0 | CL51: =MAXIFS(AV51:BE51,CA51:CJ51, "Y") -> 0 | CM51: Début de test : 1,85 g/s, 11,4 bar stabilisé 3 min : démarrage du camion 4 min : Coupage du moteur et ensuite fermeture de vanne
C52: 43258 | F52: 07-49 | G52: 0.65138889 | K52: 0.65555556 | L52: 0.25 | M52: N2 | O52: Stake 6m high | Q52: V | R52: (16,2;6;6) | U52: 1.05 | AB52: Cap 1mm | AU52: N | BF52: =MIN(AV52:BE52) -> 0 | BG52: =MAX(AV52:BE52) -> 0 | BI52: Y | BK52: Y | BL52: Y | BM52: Y | BN52: Y | BP52: Y | BR52: Y | BS52: =MINIFS(AV52:BE52,BI52:BR52, "Y") -> 0 | BT52: =MAXIFS(AV52:BE52,BI52:BR52, "Y") -> 0 | CK52: =MINIFS(AV52:BE52,CA52:CJ52, "Y") -> 0 | CL52: =MAXIFS(AV52:BE52,CA52:CJ52, "Y") -> 0 | CM52: 2 min : 1,1 – 1,2 g/s 4 min : mise en mouvement du camion à vitesse lente 5 min : camion repart en marche arrière avec la « sonnerie » Parcours réalisé par le Manitou : x de 60 à 10 ; y -5 en aller-retour 6 min : 1,05 g/s, 5,9 bar
C53: 43258 | F53: 07-50 | G53: 0.66111111 | K53: 0.66388889 | L53: 0.16666667 | M53: N2 | O53: Stake 6m high | Q53: V | R53: (16,2;6;6) | U53: 2.7 | AB53: Cap 4mm | AU53: N | BF53: =MIN(AV53:BE53) -> 0 | BG53: =MAX(AV53:BE53) -> 0 | BI53: Y | BK53: Y | BL53: Y | BM53: Y | BN53: Y | BP53: Y | BR53: Y | BS53: =MINIFS(AV53:BE53,BI53:BR53, "Y") -> 0 | BT53: =MAXIFS(AV53:BE53,BI53:BR53, "Y") -> 0 | CK53: =MINIFS(AV53:BE53,CA53:CJ53, "Y") -> 0 | CL53: =MAXIFS(AV53:BE53,CA53:CJ53, "Y") -> 0 | CM53: 1 min : 0,8 bar, 2,7 g/s stable
C54: 43258 | F54: 07-51 | G54: 0.66805556 | K54: 0.67083333 | L54: 0.16666667 | M54: N2 | O54: Stake 6m high | Q54: V | R54: (16,2;6;6) | U54: 5.6 | AB54: Cap 4mm | AU54: N | BF54: =MIN(AV54:BE54) -> 0 | BG54: =MAX(AV54:BE54) -> 0 | BI54: Y | BK54: Y | BL54: Y | BM54: Y | BN54: Y | BP54: Y | BR54: Y | BS54: =MINIFS(AV54:BE54,BI54:BR54, "Y") -> 0 | BT54: =MAXIFS(AV54:BE54,BI54:BR54, "Y") -> 0 | CK54: =MINIFS(AV54:BE54,CA54:CJ54, "Y") -> 0 | CL54: =MAXIFS(AV54:BE54,CA54:CJ54, "Y") -> 0 | CM54: 2 min : 5,7 g/s 3 min : 5,6 g/s, 2,3 bar stabilisé
C55: 43258 | F55: 07-52 | G55: 0.67361111 | K55: 0.67569444 | L55: 0.125 | M55: N2 | O55: Stake 6m high | Q55: V | R55: (16,2;6;6) | U55: 9 | AB55: No cap 12mm tubing | AU55: N | BF55: =MIN(AV55:BE55) -> 0 | BG55: =MAX(AV55:BE55) -> 0 | BI55: Y | BK55: Y | BL55: Y | BM55: Y | BN55: Y | BP55: Y | BR55: Y | BS55: =MINIFS(AV55:BE55,BI55:BR55, "Y") -> 0 | BT55: =MAXIFS(AV55:BE55,BI55:BR55, "Y") -> 0 | CK55: =MINIFS(AV55:BE55,CA55:CJ55, "Y") -> 0 | CL55: =MAXIFS(AV55:BE55,CA55:CJ55, "Y") -> 0 | CM55: 2 min : 9 g/s, 3 bar stabilisé Petite fuite repérée
C56: 43258 | F56: 07-53 | G56: 0.69166667 | K56: 0.69583333 | L56: 0.25 | M56: N2 | O56: Multi-Leak Pipe Rack/ Tank A | Q56: V 45° | R56: (18;6;0,6) (7,5;11,3;0,55) | U56: 1,3 tank A 1,45 Pipe network | AB56: Cap 1mm Pipe Network Cap 1mm Tank A | AU56: N | BF56: =MIN(AV56:BE56) -> 0 | BG56: =MAX(AV56:BE56) -> 0 | BI56: Y | BK56: Y | BL56: Y | BM56: Y | BN56: Y | BP56: Y | BR56: Y | BS56: =MINIFS(AV56:BE56,BI56:BR56, "Y") -> 0 | BT56: =MAXIFS(AV56:BE56,BI56:BR56, "Y") -> 0 | CK56: =MINIFS(AV56:BE56,CA56:CJ56, "Y") -> 0 | CL56: =MAXIFS(AV56:BE56,CA56:CJ56, "Y") -> 0 | CM56: Deux vannes ouvertes 1,3 g/s sous le ballon, 1,45 g/s rack, 7,8 bar stabilisé Configuration : Coupage de la fuite à intervalle différé de 30 sec : en premier ballon, en second rack 4 min : Coupure du ballon 4 min 30 sec : Coupure du rack à la suite de la coupure du ballon 5 min : 1,9 g/s rack, 10,7 bar
C57: 43258 | F57: 07-54 | G57: 0.7 | K57: 0.70138889 | L57: 0.083333333 | M57: N2 | O57: Multi-Leak Pipe Rack/ Tank A | Q57: V 45° | R57: (18;6;0,6) (7,5;11,3;0,55) | U57: 0,45 tank A 1,85 Pipe network | AB57: Cap 1mm Pipe Network Cap 0,5mm Tank A | AU57: N | BF57: =MIN(AV57:BE57) -> 0 | BG57: =MAX(AV57:BE57) -> 0 | BI57: Y | BK57: Y | BL57: Y | BM57: Y | BN57: Y | BP57: Y | BR57: Y | BS57: =MINIFS(AV57:BE57,BI57:BR57, "Y") -> 0 | BT57: =MAXIFS(AV57:BE57,BI57:BR57, "Y") -> 0 | CK57: =MINIFS(AV57:BE57,CA57:CJ57, "Y") -> 0 | CL57: =MAXIFS(AV57:BE57,CA57:CJ57, "Y") -> 0 | CM57: 30 sec : 0,5 g/s, 1,9 g/s rack 1 min : 0,45 g/s ballon, 1,9 g/s rack, 10,5 bar stabilisé Coupure simultanée du rack et du ballon
C58: 43258 | F58: 07-55 | G58: 0.70486111 | K58: 0.70694444 | L58: 0.125 | M58: N2 | O58: Multi-Leak Pipe Rack/ Tank A | Q58: V 45° | R58: (18;6;0,6) (7,5;11,3;0,55) | U58: 1,85 tank A 0,45 Pipe network | AB58: Cap 0,5mm Pipe Network Cap 1mm Tank A | AU58: N | BF58: =MIN(AV58:BE58) -> 0 | BG58: =MAX(AV58:BE58) -> 0 | BI58: Y | BK58: Y | BL58: Y | BM58: Y | BN58: Y | BP58: Y | BR58: Y | BS58: =MINIFS(AV58:BE58,BI58:BR58, "Y") -> 0 | BT58: =MAXIFS(AV58:BE58,BI58:BR58, "Y") -> 0 | CK58: =MINIFS(AV58:BE58,CA58:CJ58, "Y") -> 0 | CL58: =MAXIFS(AV58:BE58,CA58:CJ58, "Y") -> 0 | CM58: Début de test : 1,9 g/s ballon, 0,47 g/s rack, 10,7 bar Début de test : 1,85 g/s bidon, 0,45 g/s rack, 10,5 bar 2 min : Coupure du rack puis coupure du ballon 30 secondes après A la fin du test : 1,96 g/s ballon, 10,9 bars
C59: 43259 | F59: 08-56 | G59: 0.40277778 | K59: 0.40416667 | L59: 0.083333333 | M59: N2 | O59: Flange | R59: (16,2;6;1,6) | U59: 5 | AB59: Flange | AU59: N | BF59: =MIN(AV59:BE59) -> 0 | BG59: =MAX(AV59:BE59) -> 0 | BI59: Y | BK59: Y | BL59: Y | BM59: Y | BN59: Y | BP59: Y | BR59: Y | BS59: =MINIFS(AV59:BE59,BI59:BR59, "Y") -> 0 | BT59: =MAXIFS(AV59:BE59,BI59:BR59, "Y") -> 0 | CK59: =MINIFS(AV59:BE59,CA59:CJ59, "Y") -> 0 | CL59: =MAXIFS(AV59:BE59,CA59:CJ59, "Y") -> 0 | CM59: Fuite audible depuis le site Début de test : 5 g/s 1 min : 5 g/s 2 min : 5,2 g/s, 12 bar
C60: 43259 | F60: 08-57 | G60: 0.40625 | K60: 0.40833333 | L60: 0.125 | M60: N2 | O60: Flange | R60: (16,2;6;1,6) | U60: 0.9 | AB60: Flange | AU60: N | BF60: =MIN(AV60:BE60) -> 0 | BG60: =MAX(AV60:BE60) -> 0 | BI60: Y | BK60: N | BL60: Y | BM60: N | BN60: Y | BP60: Y | BR60: N | BS60: =MINIFS(AV60:BE60,BI60:BR60, "Y") -> 0 | BT60: =MAXIFS(AV60:BE60,BI60:BR60, "Y") -> 0 | CK60: =MINIFS(AV60:BE60,CA60:CJ60, "Y") -> 0 | CL60: =MAXIFS(AV60:BE60,CA60:CJ60, "Y") -> 0 | CM60: Début du test : 2 g/s Régulation vers 1 g/s 2 min : 3,2 bar, 0,9 g/s
C61: 43259 | D61: BT | F61: 08-58 | M61: N2 | O61: Flange | R61: (16,2;6;1,6) | U61: 2 | AB61: Flange | BF61: =MIN(AV61:BE61) -> 0 | BG61: =MAX(AV61:BE61) -> 0 | BI61: Y | BK61: N | BL61: Y | BM61: N | BN61: Y | BP61: Y | BR61: N | BS61: =MINIFS(AV61:BE61,BI61:BR61, "Y") -> 0 | BT61: =MAXIFS(AV61:BE61,BI61:BR61, "Y") -> 0 | CK61: =MINIFS(AV61:BE61,CA61:CJ61, "Y") -> 0 | CL61: =MAXIFS(AV61:BE61,CA61:CJ61, "Y") -> 0
C62: 43259 | D62: BT | F62: 08-59 | M62: N2 | O62: Stake 6m high | Q62: V | AB62: Cap 1mm | BF62: =MIN(AV62:BE62) -> 0 | BG62: =MAX(AV62:BE62) -> 0 | BI62: Y | BK62: Y | BL62: Y | BM62: Y | BN62: Y | BP62: Y | BR62: Y | BS62: =MINIFS(AV62:BE62,BI62:BR62, "Y") -> 0 | BT62: =MAXIFS(AV62:BE62,BI62:BR62, "Y") -> 0 | CK62: =MINIFS(AV62:BE62,CA62:CJ62, "Y") -> 0 | CL62: =MAXIFS(AV62:BE62,CA62:CJ62, "Y") -> 0
C63: 43259 | D63: BT | F63: 08-60 | M63: N2 | BF63: =MIN(AV63:BE63) -> 0 | BG63: =MAX(AV63:BE63) -> 0 | BI63: N | BK63: N | BL63: N | BM63: N | BN63: ? | BP63: N | BR63: N | BS63: =MINIFS(AV63:BE63,BI63:BR63, "Y") -> 0 | BT63: =MAXIFS(AV63:BE63,BI63:BR63, "Y") -> 0 | CK63: =MINIFS(AV63:BE63,CA63:CJ63, "Y") -> 0 | CL63: =MAXIFS(AV63:BE63,CA63:CJ63, "Y") -> 0
C64: 43259 | D64: BT | F64: 08-61 | M64: N2 | BF64: =MIN(AV64:BE64) -> 0 | BG64: =MAX(AV64:BE64) -> 0 | BI64: N | BK64: N | BL64: N | BM64: N | BN64: N | BP64: N | BR64: N | BS64: =MINIFS(AV64:BE64,BI64:BR64, "Y") -> 0 | BT64: =MAXIFS(AV64:BE64,BI64:BR64, "Y") -> 0 | CK64: =MINIFS(AV64:BE64,CA64:CJ64, "Y") -> 0 | CL64: =MAXIFS(AV64:BE64,CA64:CJ64, "Y") -> 0
C65: 43259 | D65: BT | F65: 08-62 | M65: N2 | O65: Tank A | Q65: 45° | AB65: Cap 0,5mm | BF65: =MIN(AV65:BE65) -> 0 | BG65: =MAX(AV65:BE65) -> 0 | BI65: Y | BK65: Y | BL65: Y | BM65: Y | BN65: N | BP65: Y | BR65: Y | BS65: =MINIFS(AV65:BE65,BI65:BR65, "Y") -> 0 | BT65: =MAXIFS(AV65:BE65,BI65:BR65, "Y") -> 0 | CK65: =MINIFS(AV65:BE65,CA65:CJ65, "Y") -> 0 | CL65: =MAXIFS(AV65:BE65,CA65:CJ65, "Y") -> 0
C66: 43259 | D66: BT | F66: 08-63 | M66: N2 | O66: Tank A | Q66: 45° | AB66: Cap 0,5mm | BF66: =MIN(AV66:BE66) -> 0 | BG66: =MAX(AV66:BE66) -> 0 | BI66: Y | BK66: Y | BL66: Y | BM66: N | BN66: Y | BP66: Y | BR66: Y | BS66: =MINIFS(AV66:BE66,BI66:BR66, "Y") -> 0 | BT66: =MAXIFS(AV66:BE66,BI66:BR66, "Y") -> 0 | CK66: =MINIFS(AV66:BE66,CA66:CJ66, "Y") -> 0 | CL66: =MAXIFS(AV66:BE66,CA66:CJ66, "Y") -> 0
C67: 43259 | D67: BT | F67: 08-64 | M67: N2 | O67: Stake 6m high | Q67: V | AB67: Cap 4mm | BF67: =MIN(AV67:BE67) -> 0 | BG67: =MAX(AV67:BE67) -> 0 | BI67: Y | BK67: Y | BL67: Y | BM67: Y | BN67: Y | BP67: Y | BR67: Y | BS67: =MINIFS(AV67:BE67,BI67:BR67, "Y") -> 0 | BT67: =MAXIFS(AV67:BE67,BI67:BR67, "Y") -> 0 | CK67: =MINIFS(AV67:BE67,CA67:CJ67, "Y") -> 0 | CL67: =MAXIFS(AV67:BE67,CA67:CJ67, "Y") -> 0
C68: 43259 | D68: BT | F68: 08-65 | M68: N2 | BF68: =MIN(AV68:BE68) -> 0 | BG68: =MAX(AV68:BE68) -> 0 | BI68: Y | BK68: Y | BL68: Y | BM68: Y | BN68: Y | BP68: Y | BR68: Y | BS68: =MINIFS(AV68:BE68,BI68:BR68, "Y") -> 0 | BT68: =MAXIFS(AV68:BE68,BI68:BR68, "Y") -> 0 | CK68: =MINIFS(AV68:BE68,CA68:CJ68, "Y") -> 0 | CL68: =MAXIFS(AV68:BE68,CA68:CJ68, "Y") -> 0
C69: 43259 | D69: BT | F69: 08-66 | M69: N2 | BF69: =MIN(AV69:BE69) -> 0 | BG69: =MAX(AV69:BE69) -> 0 | BI69: Y | BK69: N | BL69: N | BM69: N | BN69: N | BP69: N | BR69: N | BS69: =MINIFS(AV69:BE69,BI69:BR69, "Y") -> 0 | BT69: =MAXIFS(AV69:BE69,BI69:BR69, "Y") -> 0 | CK69: =MINIFS(AV69:BE69,CA69:CJ69, "Y") -> 0 | CL69: =MAXIFS(AV69:BE69,CA69:CJ69, "Y") -> 0
C70: 43259 | D70: BT | F70: 08-67 | M70: N2 | BF70: =MIN(AV70:BE70) -> 0 | BG70: =MAX(AV70:BE70) -> 0 | BI70: N | BK70: N | BL70: N | BM70: N | BN70: N | BP70: Y | BR70: N | BS70: =MINIFS(AV70:BE70,BI70:BR70, "Y") -> 0 | BT70: =MAXIFS(AV70:BE70,BI70:BR70, "Y") -> 0 | CK70: =MINIFS(AV70:BE70,CA70:CJ70, "Y") -> 0 | CL70: =MAXIFS(AV70:BE70,CA70:CJ70, "Y") -> 0
C71: 43259 | D71: BT | F71: 08-68 | M71: N2 | BF71: =MIN(AV71:BE71) -> 0 | BG71: =MAX(AV71:BE71) -> 0 | BI71: Y | BK71: Y | BL71: Y | BM71: Y | BN71: Y | BP71: Y | BR71: Y | BS71: =MINIFS(AV71:BE71,BI71:BR71, "Y") -> 0 | BT71: =MAXIFS(AV71:BE71,BI71:BR71, "Y") -> 0 | CK71: =MINIFS(AV71:BE71,CA71:CJ71, "Y") -> 0 | CL71: =MAXIFS(AV71:BE71,CA71:CJ71, "Y") -> 0
A72: tadi_oct_2018 | C72: 43389 | F72: 1 | G72: 0.48825231 | K72: 0.49292824 | L72: 0.28055556 | M72: CH4 | N72: North | O72: Mobile Valve 1 | P72: 45° | R72: (17,7,0,55) | U72: 10 | AB72: 5mm | AU72: N | BF72: =MIN(AV72:BE72) -> 0 | BG72: =MAX(AV72:BE72) -> 0 | BS72: =MINIFS(AV72:BE72,BI72:BR72, "Y") -> 0 | BT72: =MAXIFS(AV72:BE72,BI72:BR72, "Y") -> 0 | CK72: =MINIFS(AV72:BE72,CA72:CJ72, "Y") -> 0 | CL72: =MAXIFS(AV72:BE72,CA72:CJ72, "Y") -> 0 | CM72: [Middle TADI North - Southbound] [3g/s 11h43m57s] [5g/s 11h44m16s] [8g/s 11h44m30s] [10g/s 11h44m52s]
C73: 43389 | F73: 1 | G73: 0.50194444 | K73: 0.50532407 | L73: 0.20277778 | M73: CH4 | N73: North | O73: Mobile Valve 1 | P73: 45° | R73: (17,7,0,55) | U73: 10 | AB73: 5mm | AU73: N | BF73: =MIN(AV73:BE73) -> 0 | BG73: =MAX(AV73:BE73) -> 0 | BS73: =MINIFS(AV73:BE73,BI73:BR73, "Y") -> 0 | BT73: =MAXIFS(AV73:BE73,BI73:BR73, "Y") -> 0 | CK73: =MINIFS(AV73:BE73,CA73:CJ73, "Y") -> 0 | CL73: =MAXIFS(AV73:BE73,CA73:CJ73, "Y") -> 0 | CM73: [10g/s stable 12h03m30s]
C74: 43389 | F74: 5 | G74: 0.51603009 | K74: 0.52135417 | L74: 0.31944444 | M74: CH4 | N74: North | O74: Large Tank D1 | P74: Man hole | R74: (11,8,3) | U74: 5 | AB74: 10 | AU74: N | BF74: =MIN(AV74:BE74) -> 0 | BG74: =MAX(AV74:BE74) -> 0 | BS74: =MINIFS(AV74:BE74,BI74:BR74, "Y") -> 0 | BT74: =MAXIFS(AV74:BE74,BI74:BR74, "Y") -> 0 | CK74: =MINIFS(AV74:BE74,CA74:CJ74, "Y") -> 0 | CL74: =MAXIFS(AV74:BE74,CA74:CJ74, "Y") -> 0 | CM74: [uncertainty about the end time provided] [5g/s stable 12h23m55s]
C75: 43389 | F75: 5 | G75: 0.52638889 | K75: 0.53034722 | L75: 0.2375 | M75: CH4 | N75: North | O75: Large Tank D1 | P75: Man hole | R75: (11,8,3) | U75: 5 | AB75: 10 | AU75: N | BF75: =MIN(AV75:BE75) -> 0 | BG75: =MAX(AV75:BE75) -> 0 | BS75: =MINIFS(AV75:BE75,BI75:BR75, "Y") -> 0 | BT75: =MAXIFS(AV75:BE75,BI75:BR75, "Y") -> 0 | CK75: =MINIFS(AV75:BE75,CA75:CJ75, "Y") -> 0 | CL75: =MAXIFS(AV75:BE75,CA75:CJ75, "Y") -> 0 | CM75: [uncertainty about the end time provided] [5g/s stable 12h38m34s]
C76: 43389 | F76: 9 | G76: 0.54878472 | K76: 0.55231481 | L76: 0.21180556 | M76: CH4 | N76: North | O76: Small Tank D2 | P76: Flange | R76: (22,11,2,35) | U76: 3 | AB76: 6 | AU76: N | BF76: =MIN(AV76:BE76) -> 0 | BG76: =MAX(AV76:BE76) -> 0 | BS76: =MINIFS(AV76:BE76,BI76:BR76, "Y") -> 0 | BT76: =MAXIFS(AV76:BE76,BI76:BR76, "Y") -> 0 | CK76: =MINIFS(AV76:BE76,CA76:CJ76, "Y") -> 0 | CL76: =MAXIFS(AV76:BE76,CA76:CJ76, "Y") -> 0 | CM76: [3g/s stable 13h10m50s]
C77: 43389 | F77: 9 | G77: 0.55422454 | K77: 0.55790509 | L77: 0.22083333 | M77: CH4 | N77: North | O77: Small Tank D2 | P77: Flange | R77: (22,11,2,35) | U77: 3 | AB77: 6 | AU77: N | BF77: =MIN(AV77:BE77) -> 0 | BG77: =MAX(AV77:BE77) -> 0 | BS77: =MINIFS(AV77:BE77,BI77:BR77, "Y") -> 0 | BT77: =MAXIFS(AV77:BE77,BI77:BR77, "Y") -> 0 | CK77: =MINIFS(AV77:BE77,CA77:CJ77, "Y") -> 0 | CL77: =MAXIFS(AV77:BE77,CA77:CJ77, "Y") -> 0 | CM77: [FlowRate stabilized in 20sec]
C78: 43389 | F78: 27 | G78: 0.63351852 | K78: 0.63774306 | L78: 0.25347222 | M78: CH4 | N78: North | O78: Well Head | P78: Valve | R78: (26,14,2,5) | U78: 1 | AB78: 6mm | AU78: N | BF78: =MIN(AV78:BE78) -> 0 | BG78: =MAX(AV78:BE78) -> 0 | BS78: =MINIFS(AV78:BE78,BI78:BR78, "Y") -> 0 | BT78: =MAXIFS(AV78:BE78,BI78:BR78, "Y") -> 0 | CK78: =MINIFS(AV78:BE78,CA78:CJ78, "Y") -> 0 | CL78: =MAXIFS(AV78:BE78,CA78:CJ78, "Y") -> 0 | CM78: [1g/s stable 15h13m10s]
C79: 43389 | F79: 27 | G79: 0.64377315 | K79: 0.64918981 | L79: 0.325 | M79: CH4 | N79: North | O79: Well Head | P79: Valve | R79: (26,14,2,5) | U79: 1 | AB79: 6mm | AU79: N | BF79: =MIN(AV79:BE79) -> 0 | BG79: =MAX(AV79:BE79) -> 0 | BS79: =MINIFS(AV79:BE79,BI79:BR79, "Y") -> 0 | BT79: =MAXIFS(AV79:BE79,BI79:BR79, "Y") -> 0 | CK79: =MINIFS(AV79:BE79,CA79:CJ79, "Y") -> 0 | CL79: =MAXIFS(AV79:BE79,CA79:CJ79, "Y") -> 0
C80: 43389 | F80: 28 | G80: 0.6562963 | L80: ########## | M80: CH4 | N80: North | O80: Flare (6,5 m) | P80: Open ended line | R80: (37,7,6,5) | U80: 0.5 | AB80: 1/2" | AU80: N | BF80: =MIN(AV80:BE80) -> 0 | BG80: =MAX(AV80:BE80) -> 0 | BS80: =MINIFS(AV80:BE80,BI80:BR80, "Y") -> 0 | BT80: =MAXIFS(AV80:BE80,BI80:BR80, "Y") -> 0 | CK80: =MINIFS(AV80:BE80,CA80:CJ80, "Y") -> 0 | CL80: =MAXIFS(AV80:BE80,CA80:CJ80, "Y") -> 0 | CM80: [Test failure - Leak down the flare]
C81: 43389 | F81: 20 | G81: 0.66284722 | K81: 0.67048611 | L81: 0.45833333 | M81: CH4 | N81: North | O81: Scrubber | P81: Flange | R81: (21,4,2,26) | U81: 0.5 | AB81: 4mm | AU81: N | BF81: =MIN(AV81:BE81) -> 0 | BG81: =MAX(AV81:BE81) -> 0 | BS81: =MINIFS(AV81:BE81,BI81:BR81, "Y") -> 0 | BT81: =MAXIFS(AV81:BE81,BI81:BR81, "Y") -> 0 | CK81: =MINIFS(AV81:BE81,CA81:CJ81, "Y") -> 0 | CL81: =MAXIFS(AV81:BE81,CA81:CJ81, "Y") -> 0 | CM81: [uncertainty about the end time provided]
C82: 43389 | F82: 20 | G82: 0.67368056 | K82: 0.67847222 | L82: 0.2875 | M82: CH4 | N82: North | O82: Scrubber | P82: Flange | R82: (21,4,2,26) | U82: 0.5 | AB82: 4mm | AU82: N | BF82: =MIN(AV82:BE82) -> 0 | BG82: =MAX(AV82:BE82) -> 0 | BS82: =MINIFS(AV82:BE82,BI82:BR82, "Y") -> 0 | BT82: =MAXIFS(AV82:BE82,BI82:BR82, "Y") -> 0 | CK82: =MINIFS(AV82:BE82,CA82:CJ82, "Y") -> 0 | CL82: =MAXIFS(AV82:BE82,CA82:CJ82, "Y") -> 0 | CM82: [uncertainty about the begin time provided]
C83: 43389 | F83: 20 | G83: 0.68032407 | K83: 0.69311343 | L83: 0.76736111 | M83: CH4 | N83: North | O83: Scrubber | P83: Flange | R83: (21,4,2,26) | U83: 0.3 | AB83: 4mm | AU83: N | BF83: =MIN(AV83:BE83) -> 0 | BG83: =MAX(AV83:BE83) -> 0 | BS83: =MINIFS(AV83:BE83,BI83:BR83, "Y") -> 0 | BT83: =MAXIFS(AV83:BE83,BI83:BR83, "Y") -> 0 | CK83: =MINIFS(AV83:BE83,CA83:CJ83, "Y") -> 0 | CL83: =MAXIFS(AV83:BE83,CA83:CJ83, "Y") -> 0
C84: 43389 | F84: 28 | G84: 0.69505787 | K84: 0.70103009 | L84: 0.35833333 | M84: CH4 | N84: North | O84: Flare (6,5 m) | P84: Open ended line | R84: (37,7,6,5) | U84: 0.5 | AB84: 1/2" | AU84: N | BF84: =MIN(AV84:BE84) -> 0 | BG84: =MAX(AV84:BE84) -> 0 | BS84: =MINIFS(AV84:BE84,BI84:BR84, "Y") -> 0 | BT84: =MAXIFS(AV84:BE84,BI84:BR84, "Y") -> 0 | CK84: =MINIFS(AV84:BE84,CA84:CJ84, "Y") -> 0 | CL84: =MAXIFS(AV84:BE84,CA84:CJ84, "Y") -> 0 | CM84: [leak down and up the flare]
C85: 43389 | F85: 30 | G85: 0.71782407 | K85: 0.72373843 | L85: 0.35486111 | M85: CH4 | N85: South | O85: Fixed point | R85: (21,2,40,0,96) | U85: 45 | AB85: 2" | AU85: N | BF85: =MIN(AV85:BE85) -> 0 | BG85: =MAX(AV85:BE85) -> 0 | BS85: =MINIFS(AV85:BE85,BI85:BR85, "Y") -> 0 | BT85: =MAXIFS(AV85:BE85,BI85:BR85, "Y") -> 0 | CK85: =MINIFS(AV85:BE85,CA85:CJ85, "Y") -> 0 | CL85: =MAXIFS(AV85:BE85,CA85:CJ85, "Y") -> 0 | CM85: [20g/s 17h14m05s] [35g/s 17h14m40s] [40g/s 17h15m40s] [40g/s stable 17h16m05s] [17h18m00s stable 45g/s]
C86: 43390 | F86: 30 | G86: 0.41655093 | K86: 0.42045139 | L86: 0.23402778 | M86: CH4 | N86: South | O86: Fixed point | R86: (21,2,40,0,96) | U86: 200 | AB86: 4" | AU86: N | BF86: =MIN(AV86:BE86) -> 0 | BG86: =MAX(AV86:BE86) -> 0 | BS86: =MINIFS(AV86:BE86,BI86:BR86, "Y") -> 0 | BT86: =MAXIFS(AV86:BE86,BI86:BR86, "Y") -> 0 | CK86: =MINIFS(AV86:BE86,CA86:CJ86, "Y") -> 0 | CL86: =MAXIFS(AV86:BE86,CA86:CJ86, "Y") -> 0 | CM86: [150g/s 10h00m35s] [200g/s 10h00m50s] [150g/s 10h01m30s] [180g/s 10h02m25s] [200g/s 10h03m10s] [200g/s stable 10h04m14s]
C87: 43390 | F87: 29 | G87: 0.42384259 | K87: 0.42837963 | L87: 0.27222222 | M87: CH4 | N87: South | O87: Fixed point | R87: (22,2,40,0,77) | U87: 8 | AB87: 3/4" | AU87: N | BF87: =MIN(AV87:BE87) -> 0 | BG87: =MAX(AV87:BE87) -> 0 | BS87: =MINIFS(AV87:BE87,BI87:BR87, "Y") -> 0 | BT87: =MAXIFS(AV87:BE87,BI87:BR87, "Y") -> 0 | CK87: =MINIFS(AV87:BE87,CA87:CJ87, "Y") -> 0 | CL87: =MAXIFS(AV87:BE87,CA87:CJ87, "Y") -> 0
C88: 43390 | F88: 29 | G88: 0.43371528 | K88: 0.43758102 | L88: 0.23194444 | M88: CH4 | N88: South | O88: Fixed point | R88: (22,2,40,0,77) | U88: 8 | AB88: 3/4" | AU88: N | BF88: =MIN(AV88:BE88) -> 0 | BG88: =MAX(AV88:BE88) -> 0 | BS88: =MINIFS(AV88:BE88,BI88:BR88, "Y") -> 0 | BT88: =MAXIFS(AV88:BE88,BI88:BR88, "Y") -> 0 | CK88: =MINIFS(AV88:BE88,CA88:CJ88, "Y") -> 0 | CL88: =MAXIFS(AV88:BE88,CA88:CJ88, "Y") -> 0 | CM88: [4g/s 10h24m57s] [8g/s stable 10h25m35s]
C89: 43390 | F89: 30 | G89: 0.46180556 | K89: 0.46770833 | L89: 0.35416667 | M89: CH4 | N89: South | O89: Fixed point | R89: (21,2,40,0,96) | U89: 100 | AB89: 3" | AU89: N | BF89: =MIN(AV89:BE89) -> 0 | BG89: =MAX(AV89:BE89) -> 0 | BS89: =MINIFS(AV89:BE89,BI89:BR89, "Y") -> 0 | BT89: =MAXIFS(AV89:BE89,BI89:BR89, "Y") -> 0 | CK89: =MINIFS(AV89:BE89,CA89:CJ89, "Y") -> 0 | CL89: =MAXIFS(AV89:BE89,CA89:CJ89, "Y") -> 0 | CM89: [80g/s 11h05m52s] [100g/s 11h06m40s]
C90: 43390 | F90: 29 | G90: 0.47168981 | K90: 0.48018519 | L90: 0.50972222 | M90: CH4 | N90: South | O90: Fixed point | R90: (22,2,40,0,77) | U90: 4 | AB90: 1/2" | AU90: N | BF90: =MIN(AV90:BE90) -> 0 | BG90: =MAX(AV90:BE90) -> 0 | BS90: =MINIFS(AV90:BE90,BI90:BR90, "Y") -> 0 | BT90: =MAXIFS(AV90:BE90,BI90:BR90, "Y") -> 0 | CK90: =MINIFS(AV90:BE90,CA90:CJ90, "Y") -> 0 | CL90: =MAXIFS(AV90:BE90,CA90:CJ90, "Y") -> 0
C91: 43390 | D91: BT | G91: 0.14710648 | K91: 0.15711806 | L91: 0.60069444 | M91: unknown | N91: unknown | O91: unknown | P91: unknown | U91: BLIND | AU91: N | BF91: =MIN(AV91:BE91) -> 0 | BG91: =MAX(AV91:BE91) -> 0 | BS91: =MINIFS(AV91:BE91,BI91:BR91, "Y") -> 0 | BT91: =MAXIFS(AV91:BE91,BI91:BR91, "Y") -> 0 | CK91: =MINIFS(AV91:BE91,CA91:CJ91, "Y") -> 0 | CL91: =MAXIFS(AV91:BE91,CA91:CJ91, "Y") -> 0 | CM91: [15h32m31s stable]
C92: 43390 | D92: BT | G92: 0.16006944 | K92: 0.16840278 | L92: 0.5 | M92: unknown | N92: unknown | O92: unknown | P92: unknown | U92: BLIND | AU92: N | BF92: =MIN(AV92:BE92) -> 0 | BG92: =MAX(AV92:BE92) -> 0 | BS92: =MINIFS(AV92:BE92,BI92:BR92, "Y") -> 0 | BT92: =MAXIFS(AV92:BE92,BI92:BR92, "Y") -> 0 | CK92: =MINIFS(AV92:BE92,CA92:CJ92, "Y") -> 0 | CL92: =MAXIFS(AV92:BE92,CA92:CJ92, "Y") -> 0 | CM92: [15h51m31s stable]
C93: 43390 | D93: BT | G93: 0.18388889 | K93: 0.19201389 | L93: 0.4875 | M93: unknown | N93: unknown | O93: unknown | P93: unknown | U93: BLIND | AU93: N | BF93: =MIN(AV93:BE93) -> 0 | BG93: =MAX(AV93:BE93) -> 0 | BS93: =MINIFS(AV93:BE93,BI93:BR93, "Y") -> 0 | BT93: =MAXIFS(AV93:BE93,BI93:BR93, "Y") -> 0 | CK93: =MINIFS(AV93:BE93,CA93:CJ93, "Y") -> 0 | CL93: =MAXIFS(AV93:BE93,CA93:CJ93, "Y") -> 0 | CM93: [16h26m48s stable]
C94: 43390 | D94: BT | G94: 0.1933912 | K94: 0.20274306 | L94: 0.56111111 | M94: unknown | N94: unknown | O94: unknown | P94: unknown | U94: BLIND | AU94: N | BF94: =MIN(AV94:BE94) -> 0 | BG94: =MAX(AV94:BE94) -> 0 | BS94: =MINIFS(AV94:BE94,BI94:BR94, "Y") -> 0 | BT94: =MAXIFS(AV94:BE94,BI94:BR94, "Y") -> 0 | CK94: =MINIFS(AV94:BE94,CA94:CJ94, "Y") -> 0 | CL94: =MAXIFS(AV94:BE94,CA94:CJ94, "Y") -> 0 | CM94: [16h41m27s stable ]
C95: 43391 | F95: 1 | G95: 0.41153935 | K95: 0.45903935 | L95: 0.0475 | M95: CH4 | N95: North/South | O95: Mobile Valve 1 | P95: 45° | R95: (15,20,0,55) | U95: 0.3 | AB95: 4mm | AU95: N | BF95: =MIN(AV95:BE95) -> 0 | BG95: =MAX(AV95:BE95) -> 0 | BS95: =MINIFS(AV95:BE95,BI95:BR95, "Y") -> 0 | BT95: =MAXIFS(AV95:BE95,BI95:BR95, "Y") -> 0 | CK95: =MINIFS(AV95:BE95,CA95:CJ95, "Y") -> 0 | CL95: =MAXIFS(AV95:BE95,CA95:CJ95, "Y") -> 0 | CM95: [middle between North-South / Southbound] [0,3g/s stable 09h54m15s]
C96: 43391 | F96: 1 | G96: 0.47239583 | K96: 0.49013889 | L96: 1.0645833 | M96: CH4 | N96: North/South | O96: Mobile Valve 1 | P96: 45° | R96: (15,20,0,55) | U96: 0.3 | AB96: 4mm | AU96: N | BF96: =MIN(AV96:BE96) -> 0 | BG96: =MAX(AV96:BE96) -> 0 | BS96: =MINIFS(AV96:BE96,BI96:BR96, "Y") -> 0 | BT96: =MAXIFS(AV96:BE96,BI96:BR96, "Y") -> 0 | CK96: =MINIFS(AV96:BE96,CA96:CJ96, "Y") -> 0 | CL96: =MAXIFS(AV96:BE96,CA96:CJ96, "Y") -> 0 | CM96: [0,3g/s stable 11h21m17s]
C97: 43391 | F97: 29 | G97: 0.51606481 | K97: 0.52196759 | L97: 0.35416667 | M97: CO2 | N97: South | O97: Fixed point | R97: (22,2,40,0,77) | U97: 10 | AB97: 3/4" | AU97: N | BF97: =MIN(AV97:BE97) -> 0 | BG97: =MAX(AV97:BE97) -> 0 | BS97: =MINIFS(AV97:BE97,BI97:BR97, "Y") -> 0 | BT97: =MAXIFS(AV97:BE97,BI97:BR97, "Y") -> 0 | CK97: =MINIFS(AV97:BE97,CA97:CJ97, "Y") -> 0 | CL97: =MAXIFS(AV97:BE97,CA97:CJ97, "Y") -> 0 | CM97: [First Co2 Release]
C98: 43391 | F98: 30 | G98: 0.56675926 | K98: 0.57428241 | L98: 0.45138889 | M98: CO2 | N98: South | O98: Fixed point | R98: (21,2,40,0,96) | U98: 20 | AB98: 2" | AU98: N | BF98: =MIN(AV98:BE98) -> 0 | BG98: =MAX(AV98:BE98) -> 0 | BS98: =MINIFS(AV98:BE98,BI98:BR98, "Y") -> 0 | BT98: =MAXIFS(AV98:BE98,BI98:BR98, "Y") -> 0 | CK98: =MINIFS(AV98:BE98,CA98:CJ98, "Y") -> 0 | CL98: =MAXIFS(AV98:BE98,CA98:CJ98, "Y") -> 0 | CM98: [20g/s stable 13h38m12s]
C99: 43391 | F99: 29 | G99: 0.57652778 | K99: 0.58443287 | L99: 0.47430556 | M99: CO2 | N99: South | O99: Fixed point | R99: (21,2,40,0,77) | U99: 5 | AB99: 3/4" | AU99: N | BF99: =MIN(AV99:BE99) -> 0 | BG99: =MAX(AV99:BE99) -> 0 | BS99: =MINIFS(AV99:BE99,BI99:BR99, "Y") -> 0 | BT99: =MAXIFS(AV99:BE99,BI99:BR99, "Y") -> 0 | CK99: =MINIFS(AV99:BE99,CA99:CJ99, "Y") -> 0 | CL99: =MAXIFS(AV99:BE99,CA99:CJ99, "Y") -> 0 | CM99: [5g/s already stable 13h51m20s]
C100: 43391 | F100: 30 | G100: 0.59149306 | K100: 0.60011574 | L100: 0.51736111 | M100: CO2 | N100: South | O100: Fixed point | R100: (21,2,40,0,96) | U100: 50 | AB100: 2" | AU100: N | BF100: =MIN(AV100:BE100) -> 0 | BG100: =MAX(AV100:BE100) -> 0 | BS100: =MINIFS(AV100:BE100,BI100:BR100, "Y") -> 0 | BT100: =MAXIFS(AV100:BE100,BI100:BR100, "Y") -> 0 | CK100: =MINIFS(AV100:BE100,CA100:CJ100, "Y") -> 0 | CL100: =MAXIFS(AV100:BE100,CA100:CJ100, "Y") -> 0 | CM100: [50g/s stable after ~50sec]
...

Sheet Infrastructure
B1: Sensor ID | J1: Localisation | M1: Coffret | N1: Adresse IP
A2: N° | B2: 43646 | C2: 43728 | D2: 44028 | E2: 44085 | F2: 44090 | G2: 44384 | H2: 44505 | I2: 45573 | J2: x (m) | K2: y (m) | L2: z (m)
A3: 1 | B3: 29 | C3: 29 | D3: 29 | E3: 29 | F3: 29 | G3: 29 | H3: 41 | I3: 41 | J3: -0.3 | K3: 28.9 | L3: 3 | M3: 7 | N3: 192,168,1,148
A4: 2 | B4: 38 | C4: 55 | D4: 53 | E4: 53 | F4: 53 | G4: 53 | H4: 53 | I4: 53 | J4: -0.3 | K4: 17.8 | L4: 3
A5: 3 | B5: 30 | C5: 30 | E5: 55 | F5: 34 | G5: 34 | H5: 34 | I5: 34 | J5: -0.3 | K5: 5.1 | L5: 3 | M5: 8 | N5: 192,168,1,142
A6: 4 | B6: 36 | C6: 36 | D6: 36 | E6: 36 | F6: 36 | G6: 36 | H6: 36 | I6: 36 | J6: 10.1 | K6: 0.3 | L6: 3 | M6: 13 | N6: 192,168,1,143
A7: 5 | B7: 28 | C7: 28 | D7: 28 | E7: 28 | F7: 28 | G7: 28 | H7: 40 | I7: 40 | J7: 20.5 | K7: 0.3 | L7: 3
A8: 6 | B8: 31 | C8: 31 | D8: 31 | E8: 31 | F8: 31 | G8: 31 | H8: 39 | I8: 39 | J8: 30.1 | K8: 0.3 | L8: 3 | M8: 15 | N8: 192,168,1,146
A9: 7 | B9: 34 | C9: 56 | D9: 56 | E9: 56 | F9: 56 | G9: 56 | H9: 56 | I9: 56 | J9: 40 | K9: 5.1 | L9: 3
A10: 8 | B10: 32 | C10: 32 | D10: 32 | E10: 32 | F10: 32 | G10: 32 | H10: 37 | I10: 31 | J10: 40 | K10: 15 | L10: 3
A11: 9 | G11: 38 | H11: 38 | I11: 38 | J11: 40.2 | K11: 29 | L11: 3 | M11: 16 | N11: 192,168,1,145
A12: 10 | G12: 30 | H12: 30 | I12: 30 | J12: 21.5 | K12: 55.5 | L12: 3 | M12: 7 | N12: 192,168,1,141
A13: 11 | I13: ROGUE4 | J13: 28.4 | K13: 11.4 | L13: 5.45 | M13: Structure robot | N13: ?
A15: Installation le 02/09/2025
D16: Localisation | G16: Coffret | H16: Adresse IP
A17: N° | B17: Public ID | C17: Sensor ID | D17: x (m) | E17: y (m) | F17: z (m)
A18: 1 | B18: RDA-04 | C18: e4-5f-01-8f-6f-95 | D18: -0.3 | E18: 28.9 | F18: 3 | G18: 7 | H18: 192,168,1,148
A19: 3 | B19: RCA-07 | C19: e4-5f-01-8f-6f-04 | D19: -0.3 | E19: -0.3 | F19: 3 | G19: 8 | H19: 192,168,1,142
A20: 4 | B20: RCA-08 | C20: e4-5f-01-8f-6d-ab | D20: 20 | E20: -0.3 | F20: 3 | G20: 13 | H20: 192,168,1,143
A21: 6 | B21: RCA-04 | C21: e4-5f-01-8f-6f-fb | D21: 40.2 | E21: -0.3 | F21: 3 | G21: 15 | H21: 192,168,1,146
A22: 9 | B22: RCA-09 | C22: e4-5f-01-8f-6f-9c | D22: 40.2 | E22: 29 | F22: 3 | G22: 16 | H22: 192,168,1,145
A23: 10 | B23: RCA-06 | C23: e4-5f-01-8f-72-89 | D23: 21.5 | E23: 55.5 | F23: 3 | G23: 7 | H23: 192,168,1,141
A24: 11 | B24: ROGUE4 | C24: e4-5f-01-8f-6f-09 | D24: 28.4 | E24: 11.4 | F24: 5.45

Sheet Evenements confondants
A1: label | B1: day | C1: start_time | D1: end_time | F1: Date | G1: Détection moyenne | H1: Commentaire | K1: Type | L1: samples | M1: weights (%) | N1: Detection rate | O1: émergence 5-15 kHz (dB) | Q1: émergence 15-45 kHz (dB) | W1: 3 | X1: 1 | Y1: 67 | AA1: Fri 17/10/25 | AB1: =DATE(2000 + RIGHT(AA1, 2), MID(AA1, 8, 2), MID(AA1, 5, 2)) -> 45947
A2: nacelle | B2: 43753 | C2: 0.60884259 | D2: 0.62398148 | F2: 44529 | G2: 0.14 | H2: tronconneuse / pistolet d'air | O2: no detection | P2: detection | Q2: no detection | R2: detection | T2: émergence moy, bgn 5-15 kHz | U2: 4.81 | W2: 7 | X2: 2 | Y2: 71 | AA2: Fri 17/10/25 | AB2: =DATE(2000 + RIGHT(AA2, 2), MID(AA2, 8, 2), MID(AA2, 5, 2)) -> 45947
A3: rain | B3: 44169 | C3: 0 | D3: 0.99998843 | F3: 44524 | G3: 0.05 | K3: Under Insulation | L3: 11 | M3: 3 | N3: 0 | O3: 13 | Q3: 2 | T3: émergence moy, bgn 15-45 kHz | U3: 1.14 | W3: 64 | X3: 15 | Y3: 77 | AA3: Fri 17/10/25 | AB3: =DATE(2000 + RIGHT(AA3, 2), MID(AA3, 8, 2), MID(AA3, 5, 2)) -> 45947
A4: rain | B4: 44171 | C4: 0 | D4: 0.99998843 | F4: 44522 | G4: 0.04 | H4: pluie | K4: Nouvelle bride | L4: 8 | M4: 2 | N4: 0 | O4: 13 | Q4: 2 | W4: 9 | X4: 2 | Y4: 78 | AA4: Mon 20/10/25 | AB4: =DATE(2000 + RIGHT(AA4, 2), MID(AA4, 8, 2), MID(AA4, 5, 2)) -> 45950
A5: rain | B5: 44173 | C5: 0 | D5: 0.99998843 | F5: 44521 | G5: 0.15 | K5: Flange 1 | L5: 3 | M5: 1 | N5: 33 | O5: 20 | P5: 27 | Q5: 10 | R5: 10 | W5: 68 | X5: 16 | Y5: 81 | AA5: Mon 20/10/25 | AB5: =DATE(2000 + RIGHT(AA5, 2), MID(AA5, 8, 2), MID(AA5, 5, 2)) -> 45950
A6: rain | B6: 44175 | C6: 0 | D6: 0.99998843 | F6: 44517 | G6: 1.03 | K6: Open Ended Line | L6: 72 | M6: 17 | N6: 33 | O6: 15 | P6: 31 | Q6: 2 | R6: 12 | W6: 12 | X6: 3 | Y6: 83 | AA6: Tue 21/10/25 | AB6: =DATE(2000 + RIGHT(AA6, 2), MID(AA6, 8, 2), MID(AA6, 5, 2)) -> 45951
A7: rain | B7: 44193 | C7: 0 | D7: 0.99998843 | F7: 44515 | G7: 0.48 | K7: High Vertical piping | L7: 6 | M7: 1 | N7: 33 | O7: 20 | P7: 23 | Q7: 2 | R7: 6 | W7: 19 | X7: 5 | Y7: 89 | AA7: Tue 21/10/25 | AB7: =DATE(2000 + RIGHT(AA7, 2), MID(AA7, 8, 2), MID(AA7, 5, 2)) -> 45951
A8: noise | B8: 43665 | C8: 0 | D8: 0.99998843 | F8: 44514 | G8: 0.34 | K8: Connector | L8: 8 | M8: 2 | N8: 38 | O8: 20 | P8: 46 | Q8: 2 | R8: 26 | W8: 23 | X8: 5 | Y8: 96 | AA8: Tue 21/10/25 | AB8: =DATE(2000 + RIGHT(AA8, 2), MID(AA8, 8, 2), MID(AA8, 5, 2)) -> 45951
A9: noise | B9: 43666 | C9: 0 | D9: 0.99998843 | F9: 44513 | G9: 0.04 | K9: South flange | L9: 10 | M9: 2 | N9: 40 | O9: 23 | P9: 41 | Q9: 12 | R9: 29 | W9: 3 | X9: 1 | Y9: 100 | AA9: Tue 21/10/25 | AB9: =DATE(2000 + RIGHT(AA9, 2), MID(AA9, 8, 2), MID(AA9, 5, 2)) -> 45951
A10: noise | B10: 43667 | C10: 0 | D10: 0.99998843 | F10: 44509 | G10: 0.02 | H10: Changement de version du modèle / bruit d'engin | K10: Valve | L10: 16 | M10: 4 | N10: 44 | O10: 14 | P10: 23 | Q10: 2 | R10: 7 | W10: 1 | X10: 0 | Y10: 100 | AA10: Tue 21/10/25 | AB10: =DATE(2000 + RIGHT(AA10, 2), MID(AA10, 8, 2), MID(AA10, 5, 2)) -> 45951
A11: tronçonneuse | B11: 44529 | C11: 0.33378472 | D11: 0.33390046 | F11: 44503 | G11: 0.04 | K11: Vertical piping | L11: 31 | M11: 7 | N11: 45 | O11: 21 | P11: 30 | Q11: 7 | R11: 13 | W11: 3 | X11: 1 | Y11: 100 | AA11: Tue 21/10/25 | AB11: =DATE(2000 + RIGHT(AA11, 2), MID(AA11, 8, 2), MID(AA11, 5, 2)) -> 45951
A12: tronçonneuse | B12: 44529 | C12: 0.33447917 | D12: 0.33459491 | F12: 44498 | G12: 0.13 | K12: Man hole | L12: 13 | M12: 3 | N12: 46 | O12: 17 | P12: 33 | Q12: 3 | R12: 19 | AA12: Tue 21/10/25 | AB12: =DATE(2000 + RIGHT(AA12, 2), MID(AA12, 8, 2), MID(AA12, 5, 2)) -> 45951
A13: tronçonneuse | B13: 44529 | C13: 0.33517361 | D13: 0.33528935 | F13: 44494 | G13: 0.03 | K13: Bottom flange | L13: 14 | M13: 3 | N13: 50 | O13: 15 | P13: 27 | Q13: 6 | R13: 13 | W13: =sum(W1:W12) -> 212 | X13: =W13/419 -> 0.50596659 | Y13: =AVERAGE(Y1:Y12) -> 85.636364 | AA13: Mon 20/10/25 | AB13: =DATE(2000 + RIGHT(AA13, 2), MID(AA13, 8, 2), MID(AA13, 5, 2)) -> 45950
A14: tronçonneuse | B14: 44529 | C14: 0.33586806 | D14: 0.3359838 | K14: Flange | L14: 15 | M14: 4 | N14: 53 | O14: 15 | P14: 23 | Q14: 2 | R14: 8 | AA14: Wed 22/10/25 | AB14: =DATE(2000 + RIGHT(AA14, 2), MID(AA14, 8, 2), MID(AA14, 5, 2)) -> 45952
A15: pistolet à air | B15: 44529 | C15: 0.3400463 | D15: 0.34016204 | K15: North flange | L15: 3 | M15: 1 | N15: 67 | O15: 23 | P15: 38 | Q15: 8 | R15: 22 | AA15: Wed 22/10/25 | AB15: =DATE(2000 + RIGHT(AA15, 2), MID(AA15, 8, 2), MID(AA15, 5, 2)) -> 45952
A16: rain | B16: 44522 | C16: 0.27752315 | D16: 0.27765046 | K16: Flange 4 | L16: 7 | M16: 2 | N16: 71 | O16: 17 | P16: 39 | Q16: 8 | R16: 22 | AA16: Wed 22/10/25 | AB16: =DATE(2000 + RIGHT(AA16, 2), MID(AA16, 8, 2), MID(AA16, 5, 2)) -> 45952
A17: rain | B17: 44522 | C17: 0.27821759 | D17: 0.27834491 | K17: Drilled Plug | L17: 64 | M17: 15 | N17: 77 | O17: 15 | P17: 48 | Q17: 3 | R17: 34 | U17: Bande de fréquence | V17: Emergence (dB) | W17: détection | AA17: Wed 22/10/25 | AB17: =DATE(2000 + RIGHT(AA17, 2), MID(AA17, 8, 2), MID(AA17, 5, 2)) -> 45952
A18: engin | B18: 44509 | C18: 0.304375 | D18: 0.30449074 | K18: Flange 3 | L18: 9 | M18: 2 | N18: 78 | O18: 10 | P18: 26 | Q18: 1 | R18: 10 | U18: 5-15 kHz | V18: ≤ 23 dB | W18: 100 % de fuites non détectées | AA18: Wed 22/10/25 | AB18: =DATE(2000 + RIGHT(AA18, 2), MID(AA18, 8, 2), MID(AA18, 5, 2)) -> 45952
A19: engin | B19: 44509 | C19: 0.30506944 | D19: 0.30518519 | K19: Vertical tubing | L19: 68 | M19: 16 | N19: 81 | O19: 23 | P19: 31 | Q19: 8 | R19: 15 | V19: > 23 dB | W19: 91 % de fuites détectées | AA19: Wed 22/10/25 | AB19: =DATE(2000 + RIGHT(AA19, 2), MID(AA19, 8, 2), MID(AA19, 5, 2)) -> 45952
K20: Control Box | L20: 12 | M20: 3 | N20: 83 | O20: 15 | P20: 41 | Q20: 6 | R20: 22 | U20: 15-45 kHz | V20: ≤ 12 dB | W20: 100 % des fuites non détectées | AA20: Wed 22/10/25 | AB20: =DATE(2000 + RIGHT(AA20, 2), MID(AA20, 8, 2), MID(AA20, 5, 2)) -> 45952
K21: Outlet valve | L21: 19 | M21: 5 | N21: 89 | O21: 14 | P21: 35 | Q21: 6 | R21: 19 | V21: > 12 dB | W21: 82 % des fuites détectées | AA21: Wed 22/10/25 | AB21: =DATE(2000 + RIGHT(AA21, 2), MID(AA21, 8, 2), MID(AA21, 5, 2)) -> 45952
K22: Horizontal tubing | L22: 23 | M22: 5 | N22: 96 | O22: 23 | P22: 24 | Q22: 7 | R22: 12 | AA22: Wed 22/10/25 | AB22: =DATE(2000 + RIGHT(AA22, 2), MID(AA22, 8, 2), MID(AA22, 5, 2)) -> 45952
K23: Medium Flange | L23: 3 | M23: 1 | N23: 100 | P23: 30 | R23: 13 | AA23: Wed 22/10/25 | AB23: =DATE(2000 + RIGHT(AA23, 2), MID(AA23, 8, 2), MID(AA23, 5, 2)) -> 45952
K24: Flange 2 | L24: 1 | M24: 0 | N24: 100 | P24: 17 | R24: 2 | AA24: Wed 22/10/25 | AB24: =DATE(2000 + RIGHT(AA24, 2), MID(AA24, 8, 2), MID(AA24, 5, 2)) -> 45952
K25: Sur PIRL en bordure de TADI | L25: 3 | M25: 1 | N25: 100 | P25: 33 | R25: 15 | AA25: Wed 22/10/25 | AB25: =DATE(2000 + RIGHT(AA25, 2), MID(AA25, 8, 2), MID(AA25, 5, 2)) -> 45952
L26: =sum(L3:L25) -> 419 | M26: =SUM(M3:M25) -> 100 | AA26: Wed 22/10/25 | AB26: =DATE(2000 + RIGHT(AA26, 2), MID(AA26, 8, 2), MID(AA26, 5, 2)) -> 45952
AA27: Thu 30/10/25 | AB27: =DATE(2000 + RIGHT(AA27, 2), MID(AA27, 8, 2), MID(AA27, 5, 2)) -> 45960
AA28: Thu 30/10/25 | AB28: =DATE(2000 + RIGHT(AA28, 2), MID(AA28, 8, 2), MID(AA28, 5, 2)) -> 45960
AA29: Thu 30/10/25 | AB29: =DATE(2000 + RIGHT(AA29, 2), MID(AA29, 8, 2), MID(AA29, 5, 2)) -> 45960
